rh_id,n_ref,statut_infos,departement,ville,nom,structure_porteuse,code_postal,adresse,adresse_suite,geo_lat,geo_lon,nature_juridique,type_lieu,rattachement,tel_structure,email_structure,site_internet,lundi,mardi,mercredi,jeudi,vendredi,samedi,dimanche,date_maj,public_toutes_actions,conditions_acces_toutes_actions,type_mediation_1,public_si_different_1,conditions_acces_si_diff_1,presta_mediation_1,type_mediation_2,public_si_different_2,conditions_acces_si_diff_2,presta_mediation_2,type_mediation_3,public_si_different_3,conditions_acces_si_diff_3,presta_mediation_3,type_mediation_4,public_si_different_4,conditions_acces_si_diff_4,presta_mediation_4,type_mediation_5,public_si_different_5,conditions_acces_si_diff_5,presta_mediation_5,code_label,wifi,precisions,lat,lon,code_public,code_mediations,code_thematique,code_departement
RH_fiche_1_,,,81,ALBI,ALBILAB,,81000,8 avenue Pierre-Gilles de Gennes,,,                  ,PRV. ASSOCIATION,ASSOCIATION ACNE,,,asso.acne@gmail.com,,,,,,,,,,,,,,,,,,,,,,,,,,,,,,,,TL,,,43.920541,2.179896,,,,=81=
RH_fiche_2_,,,81,ALBI,ETINCELLE COWORKING ALBI,,81000,20 Place Edmond Canet,,4336867,1445539,PRV. SARL,SARL ETINCELLE ALBI,,05 64 88 01 30 - 06 25 02 44 11,sebastien@etincelle-coworking.com,,,,,,,,,,,,,,,,,,,,,,,,,,,,,,,,TL,,,43.923253,2.144096,,,,=81=
RH_fiche_3_,,,81,ALBI,INNOV'ACTION,,81000,Chemin de la Teulière,,,,PUB. ETABLISSEMENT PUBLIC,IMT MINES ALBI,,05 63 49 30 20,philippe.farenc@gmail.com,,,,,,,,,,,,,,,,,,,,,,,,,,,,,,,,TL,,,43.923786,2.182769,,,,=81=
RH_fiche_4_,,,11,Alzonne,FEP Médiathèque,,11170,,,,,,,,,fep.alzonne@wanadoo.fr,,,,,,,,,Decembre 2019,,,,,,,,,,,,,,,,,,,,,,,,,,43.264943,2.165457,,,,=11=
RH_fiche_5_,,,65,Ancizan,Centre culturel d'Ancizan,,65440,,,4306833,0 151224,,,,,centreculturel-ancizan@wanadoo.fr,,,,,,,,,Decembre 2019,,,,,,,,,,,,,,,,,,,,,,,,,,42.87272,0.340624,,,,=65=
RH_fiche_6_,,,31,Arbas ,Bibliothèque municipale,,31160,,,,,,,,,,,,,,,,,,Decembre 2019,,,,,,,,,,,,,,,,,,,,,,,,,,42.994112,0.908313,,,,=31=
RH_fiche_7_,,,65,Argeles Gazost,SARAPP,,65400,,,,,,,,,65sararg@ac-toulouse.fr,,,,,,,,,Decembre 2019,,,,,,,,,,,,,,,,,,,,,,,,,,43.005364,-0.09429,,,,=65=
RH_fiche_8_,,,65,ARREAU,Arreau,La Poste,65240,4 rue Saint-Exupéry,,,,,,La Poste,,,,,,,,,,,Janvier 2020,,,,,,,,,,,,,,,,,,,,,,,MFS,,,42.906182,0.358829,,,,=65=
RH_fiche_9_,,,12,ARVIEU,LE JARDIN D'ARVIEU,,12120,Place de l'église,,,,PRV. SCOP,SCOP LAETIS,,05 65 46 06 64,sophie.terris@laetis.fr,,,,,,,,,,,,,,,,,,,,,,,,,,,,,,,,TL,,,44.190221,2.661158,,,,=12=
RH_fiche_10_,,,12,ARVIEU,LE CANTOU Pole numérique et culturel Pareloup Levezou,,12120,Avenue de Pareloup,,,,PUB. COMMUNE,COMMUNE D ARVIEU,,05.65.46.71.06,cantou.arvieu@gmail.com,,,,,,,,,,,,,,,,,,,,,,,,,,,,,,,,TL,,,44.203111,2.717594,,,,=12=
RH_fiche_11_,,,32,Auch,Coopérative réemploi ,,32000,,,,,,,,,,,,,,,,,,Decembre 2019,,,COMP,,,,,,,,,,,,,,,,,,,,,,,43.661702,0.566383,,COMP,,=32=
RH_fiche_12_,,,32,Auch,Garros Services,,32000,,,,,,,,,auch@cnlrq.org,,,,,,,,,Decembre 2019,,,,,,,,,,,,,,,,,,,,,,,,,,43.661702,0.566383,,,,=32=
RH_fiche_13_,,,32,Auch,Promeneurs du net,,32000,,,,,,,,,,,,,,,,,,Decembre 2019,,,,,,,,,,,,,,,,,,,,,,,,,,43.661702,0.566383,,,,=32=
RH_fiche_14_,,,32,AUCH,INNOPARC - TIERS LIEUX - MON ESPACE SOHO SOLO,,32000,Place Jean David,,,,PRV. ASSOCIATION,GERS DEVELOPPEMENT - SOHO SOLO,,06 33 88 58 76,f.bedoussac@gersdeveloppement.fr,,,,,,,,,,,,,,,,,,,,,,,,,,,,,,,,TL,,,43.648046,0.585039,,,,=32=
RH_fiche_15_,,,32,AUCH,INNOPARC - FABLAB AUCH GERS,,32000,6 Rue Roland Salengro,,,,PRV. ASSOCIATION,GERS DEVELOPPEMENT,,,a.fievet@gersdeveloppement.fr,,,,,,,,,,,,,,,,,,,,,,,,,,,,,,,,TL,,,43.666598,0.600594,,,,=32=
RH_fiche_16_,,,31,Auterive,Le foyer Auterive,,31190,1  place du Maréchal Leclerc ,,,,,,FIGO Centre social,,,centresocialauterive.fr,,,,,,,,Decembre 2019,,,SENS,,,,SENS,,,,ACCDA,,,,,,,,,,,,,,,43.352866,1.477881,,SENS-SENS-ACCDA,,=31=
RH_fiche_17_,,,31,Auterive,Communauté de commune bas armagnac,,31190,,,,,,,Collectivités,05 61 50 99 00,info@cc-basarmagnac.fr,,,,,,,,,Decembre 2019,,,,,,,,,,,,,,,,,,,,,,,,,,43.350694,1.478826,,,,=31=
RH_fiche_18_,,,31,Auterive,Médiathèque municipale,,31190,,780 Route d'Espagne,4324158,2118852,,,,05 82 95 45 75,direction.mediatheque@auterive-ville.fr mediatheque@auterive-ville.fr,,,,,,,,,Decembre 2019,,,ORD,TP,adhésion,,,,,,,,,,,,,,,,,,,,,43.350694,1.478826,TP,ORD,,=31=
RH_fiche_19_,,,31,Auterive,Communauté de communes de bassin auterivain,,31190,ZI Robert Lavigne  RD 820,,,,,,Collectivités,05 61 50 99 00,,http://annuaire.auterive31.fr/front/index.php?membre=1687,,,,,,,,Decembre 2019,,,ACCDS,TP,Libre,,COMP,Emploi,Libre,,,,,,,,,,,,,,,,,43.368673,1.445539,TP-Emploi,ACCDS-COMP,,=31=
RH_fiche_20_,,,31,AUTERIVE,Auterive - CC Bassin Auterivain,Communauté de communes,31190,Rd 820 ZI Robert Lavigne,,,,,,Collectivité,,guichetunique@ccba31.fr,,9:00 - 12:00 / 13:30 - 17:30,9:00 - 12:00 / 13:30 - 17:30,8:30 - 12:00,8:30 - 12:00 / 13:30 - 17:00,8:30 - 12:00 / 13:30 - 17:00,-,,Janvier 2020,,,,,,,,,,,,,,,,,,,,,,,MFS,,,43.368673,1.445539,,,,=31=
RH_fiche_21_,,,31,AUTERIVE,TL ESPACE FIRMIN PONS,,31190,780  route d'Espagne,,,,PUB. COMMUNE,COMMUNE AUTERIVE,,05.61.50.96.87,dgs@auterive-ville.fr,,,,,,,,,,,,,,,,,,,,,,,,,,,,,,,,TL,,,43.337717,1.480148,,,,=31=
RH_fiche_22_,,,65,Bagneres de Bigorre,Espace Culturel Maintenon,,65200,,,,,,,,,centre.culturel@ville-bagneresdebigorre.fr,,,,,,,,,Decembre 2019,,,,,,,,,,,,,,,,,,,,,,,,,,43.000505,0.130094,,,,=65=
RH_fiche_23_,,,65,BAGNERES DE BIGORRE,Haute Bigorre,CC de la Haute-Bigorre,65200,30 avenue Géruzet,,,,,,Collectivité,,,,8:30 - 12:00 / 13:30 - 17:00,8:30 - 12:00 / 13:30 - 17:00,8:30 - 12:00 / 13:30 - 17:00,8:30 - 12:00 / 13:30 - 17:00,8:30 - 12:00 / 13:30 - 17:00,-,,Janvier 2020,,,,,,,,,,,,,,,,,,,,,,,MFS,,,43.068334,0.151224,,,,=65=
RH_fiche_24_,,,31,Bagnères de Luchon,31 SARLUC,,31110,,,,,,,,,31sarluc@ac-toulouse.fr,,,,,,,,,Decembre 2019,,,,,,,,,,,,,,,,,,,,,,,,,,42.764074,0.615959,,,,=31=
RH_fiche_25_,,,31,Bagnères de Luchon,MJC,,31110,,,4318414,2556949,,,,,luchon@mjc-midi-pyrenees.com,,,,,,,,,Decembre 2019,,,,,,,,,,,,,,,,,,,,,,,,,,42.764074,0.615959,,,,=31=
RH_fiche_26_,,,34,BAILLARGUES,FABLAB SOUTH FACTORY - The Lab par Station M,,34670,14 Rue François Perroux,,,,PRV. ASSOCIATION,ASSOCIATION APA-LR (UIMM),,,sphilibert@uimmlr.fr,,,,,,,,,,,,,,,,,,,,,,,,,,,,,,,,TL,,,43.652033,4.001931,,,,=34=
RH_fiche_27_,,,31,Balma,Foyer Expérimental Pierre Ribet,,31130,,,,,,,,,,,,,,,,,,Decembre 2019,,,,,,,,,,,,,,,,,,,,,,,,,,43.61093,1.50334,,,,=31=
RH_fiche_28_,,,32,BARRAN,Val de Gers - Antenne de Barran,Communauté de Communes Val de Gers,32350,45 rue du Docteur G. Demandès,Mairie de Barran,,,,,Collectivité,,mairiedebarran@wanadoo.fr,,-,8:30 - 12:00,8:30 - 12:00 / 13:30 - 17:00,8:30 - 12:00 / 13:30 - 17:00,8:30 - 12:00,8:30 - 12:00,,Janvier 2020,,,,,,,,,,,,,,,,,,,,,,,MFS,,,43.616542,0.442847,,,,=32=
RH_fiche_29_,,,31,Belberaud,Le 100eme singe,,31450,8 route de Fourquevaux,,,,,,Association,06 17 13 65 98,lecentiemesinge@gmail.com,le100esinge.com,,,,,,,,Decembre 2019,,,Co-working,,,,,,,,,,,,,,,,,,,,,,,43.510941,1.566573,,Co-working,,=31=
RH_fiche_30_,,,32,Berrac,Gerskali / Gers numérique,,32480,,,,,,,Entreprise,,, https://www.gers-numerique.com/ ,09h - 18h,09h - 18h,09h - 18h,09h - 18h,09h - 18h,,,Decembre 2019,TP,,ORDM,,,,COMP,,payant,,ACCN,,,,,,,,,,,,,,,44.0079,0.5515,TP,ORDM-COMP-ACCN,,=32=
RH_fiche_31_,,,11,Berriac,Le Relai,,11000,,,,,,,Association,,,,,,,,,,,Decembre 2019,,,,,,,,,,,,,,,,,,,,,,,,,,43.213227,2.401777,,,,=11=
RH_fiche_32_,,,31,BESSIERES,Val Aïgo - Antenne de Bessières,Communauté de communes Val'Aïgo,31660,26 Place du souvenir,,,,,,Collectivité,,cias2@valaigo.fr,,9:00 - 12:30 / 14:00 - 17:00,9:00 - 12:30 / Sur RDV : après-midi,9:00 - 12:30 / Sur RDV : après-midi,9:00 - 12:30 / Sur RDV : après-midi,9:00 - 12:30 / Sur RDV : après-midi,-,,Janvier 2020,,,,,,,,,,,,,,,,,,,,,,,MFS,,,43.80075,1.606565,,,,=31=
RH_fiche_33_,,,31,Blagnac,Mairie de Blagnac,,31700,,,,,,,Mairie,,,,,,,,,,,Decembre 2019,,,,,,,,,,,,,,,,,,,,,,,,,,43.638623,1.379714,,,,=31=
RH_fiche_34_,,,31,Blagnac,centre social blagnac,,,,,,,,,FIGO Centre social,,,,,,,,,,,Decembre 2019,,,,,,,,,,,,,,,,,,,,,,,,,,43.638623,1.379714,,,,=31=
RH_fiche_35_,,,31,BLAGNAC,FAB MJC DES ARTS BLAGNAC,,31700,,,,,PRV. ASSOCIATION,MAISON DES JEUNES ET DE LA CULTURE DES ARTS DE BLAGNAC,,05 34 26 52 76 - 067 84 27 84 81,direction@mjc-arts-blagnac.com,,,,,,,,,,,,,,,,,,,,,,,,,,,,,,,,TL,,,43.638623,1.379714,,,,=31=
RH_fiche_36_,,,11,BRAM,Piège Lauragais Malepere,CDC PIEGE LAURAGAIS MALEPERE,11150,62 rue bonrepos,,,,,,Collectivité,,msap@ccplm.fr,,8:30 - 12:00 / 13:30 - 17:00,8:30 - 12:00 / 13:30 - 17:00,8:30 - 12:00 / 13:30 - 17:00,8:30 - 12:00 / 13:30 - 17:00,8:30 - 12:00 / 13:30 - 17:00,-,,Janvier 2020,,,,,,,,,,,,,,,,,,,,,,,MFS,,,43.241583,2.118852,,,,=11=
RH_fiche_37_,,,81,BRASSAC,FABLAB DES HAUTES TERRES D’OC,,81260,Place de l'Hôtel de ville,,,,PUB. SYNDICAT MIXTE,PETR HAUTES TERRES D'OC,,,fabdoc@hautesterresdoc.fr,,,,,,,,,,,,,,,,,,,,,,,,,,,,,,,,TL,,,43.629466,2.497484,,,,=81=
RH_fiche_38_,,,81,BRASSAC,FABDOC,,81260,,,,,PUB. SYNDICAT MIXTE,PETR DES HAUTES-TERRES D'OC,,05 63 74 01 29,fabdoc@hautesterresdoc.fr,,,,,,,,,,,,,,,,,,,,,,,,,,,,,,,,TL,,,43.630112,2.494346,,,,=81=
RH_fiche_39_,,,46,CAHORS,LINKFAB AUZOLE,,46000,,,,,PRV. ASSOCIATION,LIGUE DE L'ENSEIGNEMENT DU LOT,,06 84 41 46 61 - 06 79 82 41 01,christelle.lopezbozonet@fol46.org,,,,,,,,,,,,,,,,,,,,,,,,,,,,,,,,TL,,,44.457503,1.43794,,,,=46=
RH_fiche_40_,,,65,Campan,Espace Public Informatique du canton de Campan,,65710,,,,,,,,,epicampan@gmail.com,,,,,,,,,Decembre 2019,,,,,,,,,,,,,,,,,,,,,,,,,,42.97543,0.219909,,,,=65=
RH_fiche_41_,,,46,CANIAC DU CAUSSE,AMI BOIS,,46240,,,,,PRV. ASSOCIATION,,,06 61 76 63 43,amiboisasso@gmail.com,,,,,,,,,,,,,,,,,,,,,,,,,,,,,,,,TL,,,44.620508,1.642581,,,,=46=
RH_fiche_42_,,,11,Capendu,Point Cyb,,11700,,,,,,,,,cc@piemont-dalaric.org,,,,,,,,,Decembre 2019,,,,,,,,,,,,,,,,,,,,,,,,,,43.18228,2.559202,,,,=11=
RH_fiche_43_,,,11,CAPENDU,Carcassone Agglo,CARCASSONNE AGGLO,11700,2 rue des Figuères,,,,,,Collectivité,,msap@carcassonne-agglo.fr,,8:00 - 13:00 / 14:00 - 17:00,8:00 - 13:00 / 14:00 - 17:00,8:30 - 12:00,8:00 - 13:00 / 14:00 - 17:00,8:00 - 13:00 / 14:00 - 17:00,-,,Janvier 2020,,,,,,,,,,,,,,,,,,,,,,,MFS,,,43.184142,2.556949,,,,=11=
RH_fiche_44_,,,11,Carcassonne,Régie de quartier,,11000,,,,,,,Association,,carcassonne-rdq@cnlrq.org,,,,,,,,,Decembre 2019,,,,,,,,,,,,,,,,,,,,,,,,,,43.207511,2.344538,,,,=11=
RH_fiche_45_,,,11,Carcassonne,Espace Culturel Multimédia,,11000,,,,,,,Mairie,,,,,,,,,,,Decembre 2019,,,,,,,,,,,,,,,,,,,,,,,,,,43.207511,2.344538,,,,=11=
RH_fiche_46_,,,11,Carcassonne,acti city - Information Jeunesse,,11000,,,,,,,,,information.jeunesse@acticity.com,,,,,,,,,Decembre 2019,,,,,,,,,,,,,,,,,,,,,,,,,,43.207511,2.344538,,,,=11=
RH_fiche_47_,,,11,Carcassonne,Logigames,,11000,25 boulevard de Varsovie,,,,,,Entreprise,04 68 72 67 04,logigames2001@yahoo.fr,logigames.fr,,10h – 19h,10h – 19h,10h – 19h,10h – 19h,13h - 21h,,Decembre 2019,,,ORDM,,,,ACCN,,,,,,,,,,,,,,,,,,,43.21404,2.346553,,ORDM-ACCN,,=11=
RH_fiche_48_,,,11,Carcassonne,EPCI,,,,,,,,,,,,,,,,,,,,Decembre 2019,,,,,,,,,,,,,,,,,,,,,,,,,,43.207511,2.344538,,,,=11=
RH_fiche_49_,,,11,CARCASSONNE,R'MINE - FABLAB CARACASSONNE AGGLO,,11000,20 rue Claude CHAPPE,,,,PUB. EPCI,C.A. CARCASSONNE,,04.68.11.95.58,Denis.PETITCOLIN@carcassonne-agglo.fr,,,,,,,,,,,,,,,,,,,,,,,,,,,,,,,,TL,,,43.212161,2.324602,,,,=11=
RH_fiche_50_,,,81,CARMAUX,ETC CARMAUX,,81400,,,,,PUB. EPCI,CC CARMAUSIN-SEGALA,,05 63 36 14 03 - 05 63 80 20 57 - 06 85 11 01 08,contact@3c-s.fr,,,,,,,,,,,,,,,,,,,,,,,,,,,,,,,,TL,,,44.052623,2.166387,,,,=81=
RH_fiche_51_,,,34,CASTELNAU LE LEZ,LA RUCHE CASTELNAU LE LEZ,,34170,,,,,PRV. SAS,,,06 83 62 05 88,montpellier@la-ruche.net,,,,,,,,,,,,,,,,,,,,,,,,,,,,,,,,TL,,,43.637152,3.911942,,,,=34=
RH_fiche_52_,,,65,Castelnau Magnoac,EPI de Castelnau Magnoac,,65230,,,,,,,,,epi.castelnau.magnoac@wanadoo.fr,,,,,,,,,Decembre 2019,,,,,,,,,,,,,,,,,,,,,,,,,,43.299358,0.512045,,,,=65=
RH_fiche_53_,,,82,CASTELSARRASIN,POINT INFORMATION JEUNESSE - CYBERBASE / Promeneurs du Net 82,,82100,5  place de la liberté,,,,PUB. ETABLISSEMENT PUBLIC,CCAS DE CASTELSARRASIN,,05 63 95 11 27,aurore.gramond@crij.org,,,,,,,,,,,,,,,,,,,,,,,,,,,,,,,,TL,,,44.039662,1.107189,,,,=82=
RH_fiche_54_,,,81,CASTRES,FABLAB INNOFAB,,81100,5  Rue Firmin Oulès,,,,PRV. ASSOCIATION,ASSOCIATION INNOFAB,,,contact@innofab.fr,,,,,,,,,,,,,,,,,,,,,,,,,,,,,,,,TL,,,43.623663,2.265367,,,,=81=
RH_fiche_55_,,,81,CASTRES,Centre ETIC - Le vingt-deux (Ex Atelier),,81100,22 rue Mérigonde,,,,PRV. SARL,SARL LES ATELIERS,,05 32 62 93 61 - 06.02.15.09.79,contact.sudouest@etic.co,,,,,,,,,,,,,,,,,,,,,,,,,,,,,,,,TL,,,43.602398,2.253187,,,,=81=
RH_fiche_56_,,,32,CAUPENNE D’ARMAGNAC,SYMA DU NOUGAROPOLE,,32110,Route de Caupenne d’armagnac,,,,PUB. SYNDICAT MIXTE,SYMA,,06.72.24.16.70,florence.fos@nogaropole.fr,,,,,,,,,,,,,,,,,,,,,,,,,,,,,,,,TL,,,43.77759,-0.045349,,,,=32=
RH_fiche_57_,,,65,Cauterets,Info Cyber jeunes - Association SOLEIL. PIJ,,65110,,,,,,,,,planeteicj@pyrenees.net,,,,,,,,,Decembre 2019,,,,,,,,,,,,,,,,,,,,,,,,,,42.876467,-0.103644,,,,=65=
RH_fiche_58_,,,11,Caves,ATRIUM,,11510,,,,,,,,,atriumcaves@gmail.com,,,,,,,,,Decembre 2019,,,,,,,,,,,,,,,,,,,,,,,,,,42.936653,2.970276,,,,=11=
RH_fiche_59_,,,82,CAYLUS,FABLAB ORIGAMI,,82160,6 bis rue du long,,,,PUB. COMMUNE,COMMUNE DE CAYLUS,,05 63 28 10 36,contact.fablab@caylus.com,,,,,,,,,,,,,,,,,,,,,,,,,,,,,,,,TL,,,44.236423,1.772986,,,,=82=
RH_fiche_60_,,,31,Cazères, Maison Pour tous,,31220,6 rue des Capucins,,4385028,0 661762,,,FIGO Centre social,,,www.mptcazeres.fr,,,,,,,,Decembre 2019,TP,Libre,COMP,,,,ORDM,,,,,,,,,,,,,,,,,,,43.202236,1.082897,TP,COMP-ORDM,,=31=
RH_fiche_61_,,,31,Cintegabelle,Foyer rural «  La Gabela »,,31550,mairie,,,,,,Foyers ruraux ,,,,,,,,,,,Decembre 2019,TP,Libre,COMP,,,,,,,,,,,,,,,,,,,,,,,43.271251,1.558481,TP,COMP,,=31=
RH_fiche_62_,,,31,Clarac,foyer rural Clarac,,31210,Chemin de Sainte Anne,,,,,,Association,05 61 89 70 64,foyer-rural-clarac@orange.fr,http://www.foyerruralclarac.org/accueil.html,,,,,,,,Decembre 2019,,,COMP,TP,Libre,,,,,,,,,,,,,,,,,,,,,43.097627,0.621318,TP,COMP,,=31=
RH_fiche_63_,,,34,CLARET,ATELIER DE CLARET,,34270,64 Avenue du Nouveau Monde,,,,PRV. ASSOCIATION,ATELIER DE CLARET,,06 46 51 69 08,latelierdeclaret@gmail.com,,,,,,,,,,,,,,,,,,,,,,,,,,,,,,,,TL,,,43.86017,3.906449,,,,=34=
RH_fiche_64_,,,32,Cologne,Association Arcolan,,32430,,,,,,,FIGO Centre social,,,,,,,,,,,Decembre 2019,,,,,,,,,,,,,,,,,,,,,,,,,,43.722523,0.980098,,,,=32=
RH_fiche_65_,,,32,Cologne,MSAP Cologne,,32430,Route d'Ardizas,,,,,,MSAP,05 62 05 13 61,msap@ccbl32.fr,https://www.maisondeservicesaupublic.frcontent/bastides-de-lomagne ,,,,,,,,Decembre 2019,,,,,,,,,,,,,,,,,,,,,,,,,,43.689455,0.913974,,,,=32=
RH_fiche_66_,,,32,COLOGNE,LE SITE,,32430,Route de Sarrant,,,,PRV. SAS,LE SITE,,06 08 51 33 42,philippe.jaubert32@gmail.com,,,,,,,,,,,,,,,,,,,,,,,,,,,,,,,,TL,,,43.772761,0.929893,,,,=32=
RH_fiche_67_,,,31,Colomiers,Mairie,,31770,,,,,,,Mairie,,,,,,,,,,,Decembre 2019,,,,,,,,,,,,,,,,,,,,,,,,,,43.610367,1.329544,,,,=31=
RH_fiche_68_,,,31,Colomiers,CCAS,,31776,,,,,,,Mairie,,,,,,,,,,,Decembre 2019,,,,,,,,,,,,,,,,,,,,,,,,,,43.610367,1.329544,,,,=31=
RH_fiche_69_,,,31,COLOMIERS,LA MIJOTEUSE,,31770,Place Joseph Verseille,,,,PUB. COMMUNE,COMMUNE DE COLOMIERS,,06.38.50.65.31.,christine.gouaux@mairie-colomiers.fr,,,,,,,,,,,,,,,,,,,,,,,,,,,,,,,,TL,,,43.609585,1.339368,,,,=31=
RH_fiche_70_,,,32,Condom,Centre Social de la Ténarèze,,32100,28 rue Gambetta,,,,,,FIGO Centre social,,,,,,,,,,,Decembre 2019,,,COMP,SEN,,,,,,,,,,,,,,,,,,,,,,43.957361,0.37465,SEN,COMP,,=32=
RH_fiche_71_,,,81,CUQ TOULZA,LA CELLULE,,81470,,,,,PUB. EPCI,CC SOR ET AGOUT,,05 63 72 84 84,soretagout@wanadoo.fr,,,,,,,,,,,,,,,,,,,,,,,,,,,,,,,,TL,,,43.559183,1.87853,,,,=81=
RH_fiche_72_,,,11,Fabrezan,Mediatheque Milcom de Fabrezan,,,,,,,,,Collectivités,04 68 43 71 92,,,,,,,,,,Decembre 2019,,,,,,,,,,,,,,,,,,,,,,,,,,43.126783,2.713806,,,,=11=
RH_fiche_73_,,,31,Fenouillet ,Association Femmes du Monde,,31150,,,,,,,FIGO Centre social,,,,,,,,,,,Decembre 2019,,,,,,,,,,,,,,,,,,,,,,,,,,43.686369,1.391582,,,,=31=
RH_fiche_74_,,,46,FIGEAC,ESPACE MEDIATION NUMERIQUE FIGEAC,,46100,,,,,PUB. EPCI,CC GRAND FIGEAC,,05 65 11 22 76 - 05 65 11 47 51,calfatech@grand-figeac.fr,,,,,,,,,,,,,,,,,,,,,,,,,,,,,,,,TL,,,44.607133,2.026612,,,,=46=
RH_fiche_75_,,,46,FIGEAC,FABLAB FIGEAC,,46100,35 allées Victor Hugo,,,,PUB. EPCI,C.C GRAND FIGEAC,,,secretariat.general@grand-figeac.fr,,,,,,,,,,,,,,,,,,,,,,,,,,,,,,,,TL,,,44.606468,2.036862,,,,=46=
RH_fiche_76_,,,32,Fleurance,Bibliothèque municipale,,32500,100 rue Pasteur,,,,,,Collectivités,05 62 06 18 96,,,,,,,,,,Decembre 2019,,,,,,,,,,,,,,,,,,,,,,,,,,43.850759,0.664174,,,,=32=
RH_fiche_77_,,,32,Fleurance,Mairie,,32500,,,,,,,Mairie,05 62 06 10 01,,https://www.villefleurance.fr/,,,,,,,,Decembre 2019,,,,,,,,,,,,,,,,,,,,,,,,,,43.842691,0.656247,,,,=32=
RH_fiche_78_,,,32,FLEURANCE,Fleurance,Commune de Fleurance,32500,62 Rue Adolphe Cadéot,,,,,,Collectivité,,ccas.compta@villefleurance.fr,,8:30 - 12:30 / 13:30 - 17:00,8:30 - 12:30 / 13:30 - 17:00,8:30 - 12:30 / 13:30 - 17:00,8:30 - 12:30 / 13:30 - 17:00,8:30 - 12:30 / 13:30 - 16:30,-,,Janvier 2020,,,,,,,,,,,,,,,,,,,,,,,MFS,,,43.850282,0.661762,,,,=32=
RH_fiche_79_,,,32,FLEURANCE,FABLAB C.C LOMAGNE GERSOISE - LIR,,32500,8 Avenue Pierre de Coubertin,,,,PUB. EPCI,C.C LOMAGNE GERSOISE,,,pole21@lomagne-gersoise.com,,,,,,,,,,,,,,,,,,,,,,,,,,,,,,,,TL,,,43.850519,0.665674,,,,=32=
RH_fiche_80_,,,09,FOIX,FLAME,,9000,2 rue Jean Moulin,,,,PUB. ETABLISSEMENT PUBLIC,CMA ARIEGE,,05 34 09 88 00,g.roux@cm-ariege.fr,,,,,,,,,,,,,,,,,,,,,,,,,,,,,,,,TL,,,48.002611,-4.097433,,,,=09=
RH_fiche_81_,,,81,GAILLAC,LA GRAPPE BY GRANILIA,,81600,42 av. de l’Europe,,,,PRV. ASSOCIATION,GRANILIA,,05 63 83 09 30 - 05.63.57.46.46,contact@granilia.fr,,,,,,,,,,,,,,,,,,,,,,,,,,,,,,,,TL,,,43.900777,1.871915,,,,=81=
RH_fiche_82_,,,65,GALAN,Galan,,65330,1 Place de la Bastide,,,,,,,,,,,,,,,,,Janvier 2020,,,,,,,,,,,,,,,,,,,,,,,MFS,,,43.222512,0.406892,,,,=65=
RH_fiche_83_,,,34,GIGNAC,FABLAB VALLEE DE L'HERAULT,,34150,,,,,PUB. EPCI,CC VALLEE DE L HERAULT,,04 67 57 04 50,fabrice.souchay@cc-vallee-herault.fr,,,,,,,,,,,,,,,,,,,,,,,,,,,,,,,,TL,,,43.644223,3.567481,,,,=34=
RH_fiche_84_,,,46,GOURDON,ESPACE MEDIATION NUMERIQUE GOURDON,,46300,,,,,PUB. EPCI,CC QUECRY BOURIANE,,05 65 37 23 70,ccqb.eco@orange.fr,,,,,,,,,,,,,,,,,,,,,,,,,,,,,,,,TL,,,44.740478,1.368702,,,,=46=
RH_fiche_85_,,,46,GOURDON,POLE NUMERIQUE - TECH F@CTORY,,46300,98 avenue Gambetta,,,,PUB. EPCI,C.C. QUERCY BOURIANE,,,ccqb.eco@gmail.com,,,,,,,,,,,,,,,,,,,,,,,,,,,,,,,,TL,,,44.739162,1.389239,,,,=46=
RH_fiche_86_,,,81,GRAUHLET,FABLAB CREALAB,,81300,4 Avenue Maréchal Juin,,,,PRV. ASSOCIATION,ASSOCIATION MJC DE GRAULHET,,,direction@mjcgraulhet.fr,,,,,,,,,,,,,,,,,,,,,,,,,,,,,,,,TL,,,43.760201,1.969259,,,,=81=
RH_fiche_87_,,,65,JEZEAU,FABLAB LA SOULANE,,65240,,,,,PRV. ASSOCIATION,ASSOCIATION LA SOULANE,,06 21 98 56 71,soulane.asso@gmail.com,,,,,,,,,,,,,,,,,,,,,,,,,,,,,,,,TL,,,42.903374,0.368064,,,,=65=
RH_fiche_88_,,,32,L ISLE JOURDAIN,L OURS BRUN,,32600,9 Place GAMBETTA,,,,PRV. SARL,SOCIETE VBR EVENEMENTS,,0680856559 - 06 11 72 24 20,xavier.roque@laposte.net,,,,,,,,,,,,,,,,,,,,,,,,,,,,,,,,TL,,,43.614212,1.081982,,,,=32=
RH_fiche_89_,,,31,La Salvetat Saint Gilles,centre social F Chopin,,31880,,,4393352,0 626401,,,FIGO Centre social,,,,,,,,,,,Decembre 2019,,,COMP,SEN,,,,,,,,,,,,,,,,,,,,,,43.575297,1.265705,SEN,COMP,,=31=
RH_fiche_90_,,,31,LABEGE,ASSOCIATION IOT VALLEY,,31670,425 rue Jean Rostand,,,,PRV. ASSOCIATION,ASSOCIATION IOT VALLEY,,,bertran@iot-valley.fr,,,,,,,,,,,,,,,,,,,,,,,,,,,,,,,,TL,,,43.543887,1.511505,,,,=31=
RH_fiche_91_,,,31,Labège,Centre social Escalquens / CCAS,,,Mairie d'Escalquens Place François Mitterrand,,,,,,FIGO Centre social,05 62 71 56 75,centre.social@escalquens.fr,www.escalquens.fr,8h30-12h et 14h-18h,8h30-12h et 14h-18h,8h30-12h et 14h-18h,9h-12h et 14h-19h,8h30-12h et 14h-18h,,,Decembre 2019,,,ORDM,,,,COMP,,,,,,,,,,,,,,,,,,,43.517864,1.558979,,ORDM-COMP,,=31=
RH_fiche_92_,,,31,LAGARDELLE SUR LEZE,EVOLFABLAB,,31870,289 route de la fontannasse,,,,PRV. ASSOCIATION,ASSOCIATION INFO@LEZE,,06 20 22 11 48,infoaleze@gmail.com,,,,,,,,,,,,,,,,,,,,,,,,,,,,,,,,TL,,,43.414922,1.396709,,,,=31=
RH_fiche_93_,,,31,Lagardelle-sur-Lèze,Mairie,,31870,,,,,,,,,,,,,,,,,,Decembre 2019,TP,Libre,SENS,,,,FL,,,,,,,,,,,,,,,,,,,43.415164,1.393363,TP,SENS-FL,,=31=
RH_fiche_94_,,,31,Lagardelle-sur-Lèze,Médiathèque municipale,,31870,3 Château de Vignaou,,4305739,2213259,,,,,bm.lagardelle@wanadoo.fr,,,15h00 - 18h00,09h30 - 12h30 et 15h00 - 18h00,15h00 - 18h00,09h30 - 12h30,09h30 - 12h30,,Decembre 2019,,,ORD,ALL,,,,,,,,,,,,,,,,,,,,,,43.413613,1.388667,ALL,ORD,,=31=
RH_fiche_95_,,,32,Lamothe Goas,Mairie,,32500,,,,,,,Mairie,,,http://www.lamothe-goas.com/,,,,,,,,Decembre 2019,,,,,,,,,,,,,,,,,,,,,,,,,,43.872387,0.57237,,,,=32=
RH_fiche_96_,,,65,Lannemezan,SARAPP,,65300,,,,,,,,,,,,,,,,,,Decembre 2019,,,,,,,,,,,,,,,,,,,,,,,,,,43.123752,0.396535,,,,=65=
RH_fiche_97_,,,34,LAVERUNE,LA FRICHE DE MIMI,,34880,,,,,PRV. ASSOCIATION,,,06 15 04 59 18,frichemimi@gmail.com,,,,,,,,,,,,,,,,,,,,,,,,,,,,,,,,TL,,,43.582736,3.804211,,,,=34=
RH_fiche_98_,,,31,Le Fauga,Desir informatique faugatien,,31410,,,,,,,Association,,,,,,,,,,,Decembre 2019,,,,,,,,,,,,,,,,,,,,,,,,,,43.400557,1.291478,,,,=31=
RH_fiche_99_,,,31,Le Fauga,mairie La Fauga,,31410,,,,,,,Mairie,,mairie@lefauga.fr,,,,,,,,,Decembre 2019,,,,,,,,,,,,,,,,,,,,,,,,,,43.400557,1.291478,,,,=31=
RH_fiche_100_,,,30,LE VIGAN,TL CC LE VIGAN,,30120,30 B route du Pont de la Croix,,,,PUB. EPCI,CC DU PAYS VIGANAIS,,04 67 82 58 60,a.pages@cc-paysviganais.fr,,,,,,,,,,,,,,,,,,,,,,,,,,,,,,,,TL,,,43.988933,3.613328,,,,=30=
RH_fiche_101_,,,32,Lectoure,MSAP,,32700,2 cours Gambetta,,,,,,MSAP,05 62 68 75 47,ccas.accueil@mairie-lectoure.fr,https://www.maisondeservicesaupublic.fr/content/lectoure,,,,,,,,Decembre 2019,,,,,,,,,,,,,,,,,,,,,,,,,,43.933522,0.626401,,,,=32=
RH_fiche_102_,,,32,Lectoure,Télécentre de Lectoure,,32700,,,,,,,,,priviere@mairie-lectoure.fr,,,,,,,,,Decembre 2019,,,,,,,,,,,,,,,,,,,,,,,,,,43.945129,0.656629,,,,=32=
RH_fiche_103_,,,32,Lectoure,Régie rurale de services de Lomagne,,32700,,,,,,,Association,,regie.lectoure@cnlrq.org,,,,,,,,,Decembre 2019,,,,,,,,,,,,,,,,,,,,,,,,,,43.945129,0.656629,,,,=32=
RH_fiche_104_,,,32,Lectoure,Bibliothèque médiathèque municipale,,32700,rue Saint Gervais,,,,,,Collectivités,05 62 68 48 32 ,,,,,,,,,,Decembre 2019,,,,,,,,,,,,,,,,,,,,,,,,,,43.934117,0.623142,,,,=32=
RH_fiche_105_,,,32,Lectoure, Génération Mouvement,,32700,,,,,,,Association,05 62 68 71 77,,,,,,,,,,Decembre 2019,,,,,,,,,,,,,,,,,,,,,,,,,,43.945129,0.656629,,,,=32=
RH_fiche_106_,,,32,Lectoure,Mairie,,32700,,,,,,,Mairie,05 62 68 70 22,,https://www.lectoure.fr/fr-contact.html,,,,,,,,Decembre 2019,,,,,,,,,,,,,,,,,,,,,,,,,,43.945129,0.656629,,,,=32=
RH_fiche_107_,,,32,LECTOURE,Lectoure,Commune de Lectoure,32700,2 Cours Gambetta,,,,,,Collectivité,,ccas.direction@mairie-lectoure.fr,,8:30 - 12:00 / 13:30 - 17:00,8:30 - 12:00 / 13:30 - 17:00,8:30 - 12:00 / 13:30 - 17:00,8:30 - 12:00 / 13:30 - 17:00,8:30 - 12:00 / 13:30 - 17:00,-,,Janvier 2020,,,,,,,,,,,,,,,,,,,,,,,MFS,,,43.933522,0.626401,,,,=32=
RH_fiche_108_,,,32,LECTOURE,PEPINIERES D ENTREPRISES DE LOMAGNE,,32700,ZI La Couture,,4342778,0 578462,PUB. EPCI,CC LOMAGNE GERSOISE,,05.62.29.52.42 - 06.46.71.43.17,economie@lomagne-gersoise.com,,,,,,,,,,,,,,,,,,,,,,,,,,,,,,,,TL,,,43.958787,0.606889,,,,=32=
RH_fiche_109_,,,11,Lezignan,Isis (epicerie solidaire),,11200,39 rue Lamartine,,,,,,Association,,,,,,,,,,,Decembre 2019,,,,,,,,,,,,,,,,,,,,,,,,,,43.202429,2.757544,,,,=11=
RH_fiche_110_,,,11,Lezignan Corbières,MJC Lezignan Corbières,,11200,25 Rue Marat,,4346935,0 034708,,,Association,04 68 27 03 34,mjc.lezignan.corbieres@wanadoo.fr,www.mjc-lezignan-corbieres.com,08h - 20h,08h - 20h,08h - 20h,08h - 20h,08h - 20h,08h - 13h,,Decembre 2019,,,ORD,,,,ACCDS,,,,COMP,,,,,,,,,,,,TL,,,43.199696,2.757916,,ORD-ACCDS-COMP,,=11=
RH_fiche_111_,,,11,Limoux,SAPIE,,11300,7 rue du Cougaing,,,,,,SCIC ,04 68 74 73 30,sapie@sapie.coop,http://sapie.coop,8h30 à-18h30,8h30 à-18h30,8h30 à-18h30,8h30 à-18h30,8h30 à-18h30,,,Decembre 2019,,,SENS,,,,TL,,,,ACCN,,,,COMP,,,,,,,,TL,,,43.055492,2.212835,,SENS-TL-ACCN-COMP,,=11=
RH_fiche_112_,,,11,LIMOUX,Limouxin,MSA,11300,17 chemin Farinier,,,,,,Opérateur,,,,8:30 - 12:00,8:30 - 12:00 / 13:30 - 17:00,8:30 - 12:00,8:30 - 12:00,8:30 - 12:00 / 13:30 - 16:30,-,,Janvier 2020,,,,,,,,,,,,,,,,,,,,,,,MFS,,,43.057309,2.213259,,,,=11=
RH_fiche_113_,,,11,LIMOUX,TIERS LIEUX LIMOUX,,11300,7  rue du Cougaing,,,,PRV. SCIC,SCIC SAPIE,,04 68 74 73 30 / 06 27 63 21 28,florence.tholly@sapie.coop,,,,,,,,,,,,,,,,,,,,,,,,,,,,,,,,TL,,,43.055492,2.212835,,,,=11=
RH_fiche_114_,,,34,LODEVE,LA DISTILLERIE,,34700,,,,,PRV. ASSOCIATION,http://la-distillerie.org/wakka.php?wiki=PagePrincipale,,06 84 60 31 73,contact@la-distillerie.org,,,,,,,,,,,,,,,,,,,,,,,,,,,,,,,,TL,,,43.732736,3.303781,,,,=34=
RH_fiche_115_,,,65,Lourdes,CCAS Lourdes,,65100,2 Rue de l'Hôtel de Ville,,,,,,Mairie,05 62 94 65 65,,,,,,,,,,Decembre 2019,,,ACCN,SEN,Libre,,,,,,,,,,,,,,,,,,,,,43.091652,-0.045258,SEN,ACCN,,=65=
RH_fiche_116_,,,65,Lourdes,Centre social Lourdes,,65100,2 Rue de l'Hôtel de Ville,,,,,,FIGO Centre social,05 62 94 65 65,,https://www.lourdes.fr/enfance-jeunesse/l-espace-vie-citoyenne-jeunesse/3079-le-centre-social-jean-zay,,,,,,,,Decembre 2019,,,ORDM,TP,Libre,,,,,,,,,,,,,,,,,,,,,43.091652,-0.045258,TP,ORDM,,=65=
RH_fiche_117_,,,65,Lourdes,SAGV65,,65100,17  avenue Joffre,BP 846,,,,,FIGO Centre social,,,,,,,,,,,Decembre 2019,,,COMP,,,,,,,,,,,,,,,,,,,,,,,43.094593,-0.045855,,COMP,,=65=
RH_fiche_118_,,,65,Lourdes,Cyber-base Lourdes,,65100,,,,,,,,,barmelle@cyber-base.org,,,,,,,,,Decembre 2019,,,,,,,,,,,,,,,,,,,,,,,,,,43.114673,-0.068912,,,,=65=
RH_fiche_119_,,,65,LUC,Luc,,65190,19 rue du Pic du Midi, ,,,,,,,,,,,,,,,,Janvier 2020,,,,,,,,,,,,,,,,,,,,,,,MFS,,,43.152955,0.176922,,,,=65=
RH_fiche_120_,,,65,Luz Saint Sauveur,Cyber-base Luz Saint Sauveur,,65120,,,,,,,,,,,,,,,,,,Decembre 2019,,,,,,,,,,,,,,,,,,,,,,,,,,42.853868,-0.005765,,,,=65=
RH_fiche_121_,,,65,LUZ ST SAUVEUR,Luz-Saint-Sauveur,,65120,Maison Gradet-Poque - Mairie de Luz Saint Sauveur, ,,,,,,,,,,,,,,,,Janvier 2020,,,,,,,,,,,,,,,,,,,,,,,,,,42.873114,-0.003461,,,,=65=
RH_fiche_122_,,,31,Léguevin,centre social La Maison des Quartiers,,,,,,,,,FIGO Centre social,,,,,,,,,,,Decembre 2019,,,,,,,,,,,,,,,,,,,,,,,,,,43.59128,1.237728,,,,=31=
RH_fiche_123_,,,31,Lévignac,centre social Vallée de la Save,,31530,,,,,,,FIGO Centre social,05 62 13 80 20,centre-social.valleesave@save-touch.org,https://www.mairie-levignac.com/centre-social,9h00 - 12h00 et de 14h00 à 17h30,9h00 - 12h00 et de 14h00 à 17h30,9h00 - 12h00 et de 14h00 à 17h30,9h00 - 12h00 et de 14h00 à 17h30,9h00 – 12h00,,,Decembre 2019,,,SENS,TP,Libre,,,,,,,,,,,,,,,,,,,,,43.662399,1.194495,TP,SENS,,=31=
RH_fiche_124_,,,09,Lézat-sur-Lèze,FABLAB COMETES INNOVATION,,9210,Zone Activités  Peyjouan,,,,PUB. EPCI,C.C LEZAT SUR LEZE,,33 5 32 11 13 44,arizeleze-dir@orange.fr,,,,,,,,,,,,,,,,,,,,,,,,,,,,,,,,TL,,,43.290369,1.341556,,,,=09=
RH_fiche_125_,,,32,L’isle Jourdain,A.P.I. en Gascogne,,32600,2 Avenue du Courdé,,,,,,FIGO Centre social,,,,,,,,,,,Decembre 2019,,,COMP,SEN,,,,,,,,,,,,,,,,,,,,,,43.612469,1.088924,SEN,COMP,,=32=
RH_fiche_126_,,,32,MASSEUBE,Val de Gers,Communauté de Communes Val de Gers,32140,16 Avenue Elysée Duffréchou,Ancien couvent,,,,,Collectivité,,,,-,10:00 - 13:00,10:00 - 13:00 / 14:00 - 18:00,10:00 - 13:00,10:00 - 13:00 / 14:00 - 18:00,9:00 - 13:00,,Janvier 2020,,,,,,,,,,,,,,,,,,,,,,,MFS,,,43.427777,0.578462,,,,=32=
RH_fiche_127_,,,65,Maubourguet,Cyber-Base du Val d'Adour,,65700,,,,,,,,,cyberbase@cc-valdadour.com,,,,,,,,,Decembre 2019,,,,,,,,,,,,,,,,,,,,,,,,,,43.465633,0.032828,,,,=65=
RH_fiche_128_,,,65,MAUBOURGUET,Maubourguet,CC Adour Madiran,65700,179 Place de la Libération,Centre culturel Jean Glavany,,,,,Collectivité,05 62 96 07 93,cyberbase@adour-madiran.fr,,9:00 - 12:30 / 14:00 - 16:00,9:00 - 12:30 / 14:00 - 17:00,9:00 - 12:30 / 16:00 - 18:00,14:00 - 18:00,9:00 - 12:30 / 14:00 - 18:00,-,,Janvier 2020,,,,,,,,,,,,,,,,,,,,,,,MFS,,,43.46935,0.034708,,,,=65=
RH_fiche_129_,,,32,Mauvezin,Régie Rurale de Services de Fezensaguet,,32120, 43  rue Gambetta ,,,,,,Association,"
05 62 06 92 80",regie.mauvezin@cnlrq.org,,,,,,,,,Decembre 2019,,,,,,,,,,,,,,,,,,,,,,,,,,43.733173,0.880511,,,,=32=
RH_fiche_130_,,,81,MAZAMET,LE C@PITOLE,,81200,17 avenue Albert Rouvière,,,,PRV. SARL,M IMMO - LE C@PITOLE,,05 81 79 10 01,info@lecapitole-entreprises.fr,,,,,,,,,,,,,,,,,,,,,,,,,,,,,,,,TL,,,43.495176,2.374864,,,,=81=
RH_fiche_131_,,,48,MENDE,TIERS LIEU POLEN,,48000,12 Rue Albert Einstein,,,,PUB. CONSEIL DEPARTEMENTAL,CONSEIL DEPARTEMENTAL DE LOZERE,,04 66 45 33 04 - 06 35 12 17 25,v.gatin@lozere-developpement.com,,,,,,,,,,,,,,,,,,,,,,,,,,,,,,,,TL,,,44.528137,3.466734,,,,=48=
RH_fiche_132_,,,31,Merville,Centre Social de Merville / CCAS,,31330,50 rue du 19 mars 1962,,,,,,FIGO Centre social,05 62 13 40 95,,,,,,,,,,Decembre 2019,,,ORD,TP,Libre,,ORD,ALL,Libre,,COMP,TP,Libre,,SENS,,,,,,,,,,,43.722019,1.298805,TP-ALL-TP,ORD-ORD-COMP-SENS,,=31=
RH_fiche_133_,,,12,MILLAU,PINGPONG COWORK,,12100,21  rue du Pont de Fer,,,,PRV. SCIC SARL,PINGPONG COWORK,,06.63.85.85.45,contact@pingpong-cowork.com,,,,,,,,,,,,,,,,,,,,,,,,,,,,,,,,TL,,,44.094847,3.08111,,,,=12=
RH_fiche_134_,,,12,MILLAU,FABLAB MILLAU GRANDS CAUSSES,,12100,4 rue de la Mégisserie,,,,PUB. COMMUNE,COMMUNE DE MILLAU,,05 65 600 800,c.bremaud-sartre@cc-millaugrandscausses.fr,,,,,,,,,,,,,,,,,,,,,,,,,,,,,,,,TL,,,44.095335,3.080299,,,,=12=
RH_fiche_135_,,,32,Mirande,Télécentre de Mirande,,32300,,,4296028,2526948,,,,,coeur-dastarac@wanadoo.fr,,,,,,,,,Decembre 2019,,,,,,,,,,,,,,,,,,,,,,,,,,43.517161,0.406986,,,,=32=
RH_fiche_136_,,,32,Mirande,Internet Academy,,32300,,,,,,,,,,,,,,,,,,Decembre 2019,,,,,,,,,,,,,,,,,,,,,,,,,,43.517161,0.406986,,,,=32=
RH_fiche_137_,,,31,Miremont,Médiathèque ,,31190,,Place Carreties,4335671,1623405,,,,05 61 50 67 05,biblio.miremont@wanadoo.fr ,,,,,,,,,Decembre 2019,,,ORD,Habitants,,,,,,,,,,,,,,,,,,,,,,43.372849,1.417581,Habitants,ORD,,=31=
RH_fiche_138_,,,09,MIREPOIX,X-MOTION-LAB,,9500,31 Bis  Cours du Jeu du Mail,,,,PRV. SARL,WOOMEET SARL,,06 75 20 61 78,x-motionlab@woomeet.com,,,,,,,,,,,,,,,,,,,,,,,,,,,,,,,,TL,,,43.08784,1.878102,,,,=09=
RH_fiche_139_,,,82,MOISSAC,ASSOCIATION MOISSAC ANIMATION JEUNE,,82200,27 rue de la solidarité,,,,PRV. ASSOCIATION,ASSOCIATION MAJ,,,direction@e-maj.org,,,,,,,,,,,,,,,,,,,,,,,,,,,,,,,,TL,,,44.103299,1.089695,,,,=82=
RH_fiche_140_,,,82,MONTAUBAN,MONTAULAB,,82000,35 avenue du Danemark,,,,PRV. ASSOCIATION,ASSOCIATION MONTAULAB,,07 81 03 16 98,montaulab@orange.fr,,,,,,,,,,,,,,,,,,,,,,,,,,,,,,,,TL,,,43.988599,1.328582,,,,=82=
RH_fiche_141_,,,82,MONTAUBAN,FABLAB ARTISAN NUMERIQUE,,82000,,,,,PRV. ASSOCIATION,ARTISAN NUMERIQUE,,05 63 93 04 42 - 06 76 56 39 36,info@artisanumerique.fr,,,,,,,,,,,,,,,,,,,,,,,,,,,,,,,,TL,,,44.022237,1.365479,,,,=82=
RH_fiche_142_,,,82,MONTAUBAN,ENTRE'FORM COSPORTING SOCIAL,,82000,,,,,PRV. SCIC SARL,,,06 23 25 75 68,coworking@entreform.fr,,,,,,,,,,,,,,,,,,,,,,,,,,,,,,,,TL,,,44.022237,1.365479,,,,=82=
RH_fiche_143_,,,82,MONTAUBAN,ETP CCI TAN,,82065,,,,,PUB. ETABLISSEMENT PUBLIC,CCI TARN,,05 63 22 26 26,cci82@montauban.cci.fr,,,,,,,,,,,,,,,,,,,,,,,,,,,,,,,,TL,,,44.022237,1.365479,,,,=82=
RH_fiche_144_,,,31,Montbrun Bocage,L'ordinateur facile,,31310,3 rue du Rebarat,,4318723,3005378,,,Association,06 51 91 40 96,lordinateurfacile@gmail.com,http://www.lordinateurfacile.fr/,9 h - 14 h,9 h - 14 h,9 h - 14 h,9 h - 14 h,9 h - 14 h,9 h - 14 h,,Decembre 2019,,,ORDM,,,,ACCDS,,,,FL,,,,,,,,,,,,,,,43.127466,1.267765,,ORDM-ACCDS-FL,,=31=
RH_fiche_145_,,,34,MONTPELLIER,ARDEC,,34090,,,,,PRV. ASSOCIATION,,,04 67 92 21 74 - 06 10 13 70 99,g.albalat@ardeclr.org,,,,,,,,,,,,,,,,,,,,,,,,,,,,,,,,TL,,,43.611665,3.873083,,,,=34=
RH_fiche_146_,,,34,MONTPELLIER,FABLAB MOBILE LABSUD,,34000,120  Allée john Napier,,,,PRV. ASSOCIATION,ASSOCIATION LABSUD,,06 26 63 22 55 - 09 84 31 82 08,tresorier@labsud.org,,,,,,,,,,,,,,,,,,,,,,,,,,,,,,,,TL,,,43.615586,3.909807,,,,=34=
RH_fiche_147_,,,34,MONTPELLIER,THE ISLAND,,34070,,,,,PRV. SARL,,,04 99 74 08 83 - 06 74 40 26 82,contact@the-island.fr,,,,,,,,,,,,,,,,,,,,,,,,,,,,,,,,TL,,,43.611665,3.873083,,,,=34=
RH_fiche_148_,,,34,MONTPELLIER,LA RUCHE MONTPELLIER,,34000,,,,,PRV. SAS,,,06 83 62 05 88,montpellier@la-ruche.net,,,,,,,,,,,,,,,,,,,,,,,,,,,,,,,,TL,,,43.611665,3.873083,,,,=34=
RH_fiche_149_,,,34,MONTPELLIER,LA HALLE TROPISME,,34070,,,,,PRV. SCIC SARL,,,04 67 04 47 94 - 06 15 09 60 19,jcastellano@illusion-macadam.fr,,,,,,,,,,,,,,,,,,,,,,,,,,,,,,,,TL,,,43.611665,3.873083,,,,=34=
RH_fiche_150_,,,34,MONTPELLIER,TL CREALEAD C WORKING,,34000,55  rue Saint Cleophas,,,,PRV. SCOP SA,CREALEAD SCOP SA,,04 67 06 18 22 - 06 99 32 12 02,Angelique.FRANCESCATTI@crealead.com,,,,,,,,,,,,,,,,,,,,,,,,,,,,,,,,TL,,,43.596701,3.873001,,,,=34=
RH_fiche_151_,,,31,Montrejeau,SARAPP Montrejeau,,31210,,,,,,,,,,,,,,,,,,Decembre 2019,,,,,,,,,,,,,,,,,,,,,,,,,,43.086626,0.557622,,,,=31=
RH_fiche_152_,,,11,Mouthoumet,Centre social Adhco,,11330,23 rue de la gare,,,,,,Centre social,04 68 70 18 50,adhco.developpement@orange.fr,http://www.adhco.fr/,,,,,,,,Decembre 2019,,,,,,,,,,,,,,,,,,,,,,,,,,42.960276,2.526948,,,,=11=
RH_fiche_153_,,,11,MOUTHOUMET,Massif de Mouthoumet,ADHCO CENTRE SOCIAL,11330,23 rue de la gare,,,,,,Association,04 68 70 18 50,adhco.developpement@orange.fr,,9:00 - 12:30 / 14:00 - 17:30,9:00 - 12:30 / 14:00 - 17:30,9:00 - 12:30 / 14:00 - 17:30,9:00 - 12:30 / 14:00 - 17:30,9:00 - 12:30 / 14:00 - 17:30,-,,Janvier 2020,,,,,,,,,,,,,,,,,,,,,,,MFS,,,42.960276,2.526948,,,,=11=
RH_fiche_154_,,,31,Muret,9com9,,31600,,,,,,,Association,,,,,,,,,,,Decembre 2019,,,,,,,,,,,,,,,,,,,,,,,,,,43.443252,1.30016,,,,=31=
RH_fiche_155_,,,31,NAILLOUX,Nailloux - CC Terres du Lauragais,Communauté de communes,31560,1 rue de la république,,,,,,Collectivité,,,,13:30 - 17:00,13:30 - 17:00,9:15 - 12:30 / 13:30 - 17:00,13:30 - 17:00,9:15 - 12:30 / 13:30 - 17:00,-,,Janvier 2020,,,,,,,,,,,,,,,,,,,,,,,MFS,,,43.356713,1.623405,,,,=31=
RH_fiche_156_,,,11,Narbonne,Ecole régionale deuxieme chance,,11000,,,429696,-0 07415,,,,,,,,,,,,,,Decembre 2019,,,,,,,,,,,,,,,,,,,,,,,,,,43.204896,2.406431,,,,=11=
RH_fiche_157_,,,11,Narbonne,Versus  Internet Café,,11000,,,,,,,,,info@versus.fr,,,,,,,,,Decembre 2019,,,,,,,,,,,,,,,,,,,,,,,,,,43.204896,2.406431,,,,=11=
RH_fiche_158_,,,11,Narbonne,Maison de la l'Emploi et de la Formation,,11000,,,4360542,0 045201,,,,,multimedia@mef-narbonnaise.fr,,,,,,,,,Decembre 2019,,,,,,,,,,,,,,,,,,,,,,,,,,43.204896,2.406431,,,,=11=
RH_fiche_159_,,,11,Narbonne,Aide Mutuelle à l'Insertion,,11000,24 boulevard Frédéric Mistral,,,,,,FIGO Centre social,04 68 65 07 10,ami-aude@orange.fr,https://ami-aude.com/index.html,,,,,,,,Decembre 2019,TP,,SENS,,,,SENS,,,,,,,,,,,,,,,,,,,43.215465,2.351981,TP,SENS-SENS,,=11=
RH_fiche_160_,,,11,Narbonne,Centre Social et Culturel Nelson MANDELA,,11000,4 Promenade Emilie Palomo,,,,,,FIGO Centre social,04 68 41 77 26,,https://www.csc-mandela.fr/,9 h - 12 h et 14 h - 18 h 00,9 h - 12 h et 14 h - 18 h 00,9 h - 12 h et 14 h - 18 h 00,9 h - 12 h et 14 h - 18 h 00,9 h - 12 h et 14 h - 18 h 00,,,Decembre 2019,,,COMP,,,,ACCDA,,,,ORD,,,,,,,,,,,,,,,43.187463,2.985839,,COMP-ACCDA-ORD,,=11=
RH_fiche_161_,,,11,Narbonne,Le Lieu Ressources Littoral,,,,,,,,,,,sp-narbonne@aude.pref.gouv.fr,,,,,,,,,Decembre 2019,,,,,,,,,,,,,,,,,,,,,,,,,,43.172093,3.034085,,,,=11=
RH_fiche_162_,,,11,NARBONNE,PIMMS du Narbonnais,Union Nationale des PIMMS,11000,8 avenue du Maréchal Foch, ,,,,,PIMMS,04 68 43 68 93,narbonne@pimms.org,,8:30 - 12:00 / 14:00 - 17:00,14:00 - 17:00,8:30 - 12:00 / 14:00 - 17:00,14:00 - 17:00,8:30 - 12:00 / 14:00 - 17:00,-,,Janvier 2020,,,,,,,,,,,,,,,,,,,,,,,MFS,,,43.217333,2.352939,,,,=11=
RH_fiche_163_,,,11,NARBONNE,TIERS LIEUX IN’ESS LE GRAND NARBONNE,,11000,30 Avenue Paul Pompidor,,,,PUB. EPCI,CA GRAND NARBONNE,,,l.bullich@legrandnarbonne.com,,,,,,,,,,,,,,,,,,,,,,,,,,,,,,,,TL,,,43.18231,2.978995,,,,=11=
RH_fiche_164_,,,11,NARBONNE,FABLAB IN'ESS,,11100,30 avenue Pompidor,,4338747,0 15968,PUB. EPCI,C.C GRAND NARBONNE,,,s.sole@legrandnarbonne.com,,,,,,,,,,,,,,,,,,,,,,,,,,,,,,,,TL,,,43.18231,2.978995,,,,=11=
RH_fiche_165_,,,30,NIMES,LA STATION COWORKING,,30000,442 rue Georges Besse,,,,PRV. ASSOCIATION,BIC INNOV UP,,04 66 04 41 33,a.houssin@gard.cci.fr,,,,,,,,,,,,,,,,,,,,,,,,,,,,,,,,TL,,,43.82016,4.368837,,,,=30=
RH_fiche_166_,,,30,NIMES,LES SPOTS,,30000,,,,,PRV. SCIC SARL,,,07 71 37 49 26 - 04 66 36 85 64,cooperativelesspots@gmail.com,,,,,,,,,,,,,,,,,,,,,,,,,,,,,,,,TL,,,43.825875,4.344528,,,,=30=
RH_fiche_167_,,,30,NIMES,LES SPOTS ARCHIPEL,,30000,,,,,PRV. SCIC SARL,,,07 71 37 49 26 - 04 66 36 85 64,cooperativelesspots@gmail.com,,,,,,,,,,,,,,,,,,,,,,,,,,,,,,,,TL,,,43.825875,4.344528,,,,=30=
RH_fiche_168_,,,30,NIMES,FABLAB NIMES EERIE,,30000,69 Rue George Besse,,4341314,1119217,PUB. EPCI,C.A. NIMES METROPOLE,,06 50 30 63 32,fabien.boulier@nimes-metropole.fr,,,,,,,,,,,,,,,,,,,,,,,,,,,,,,,,TL,,,43.821556,4.368586,,,,=30=
RH_fiche_169_,,,32,Nogaro,Association CLAN - PIJ,,32110,,,,,,,,,pij32.nogaro@crij.org,,,,,,,,,Decembre 2019,,,,,,,,,,,,,,,,,,,,,,,,,,43.762308,-0.02944,,,,=32=
RH_fiche_170_,,,34,OLONZAC,LES CAHIERS DU MINERVOIS,,34210,,,,,PRV. ASSOCIATION,,,04 68 27 86 86,semaineduminervois@wanadoo.fr,,,,,,,,,,,,,,,,,,,,,,,,,,,,,,,,TL,,,43.284592,2.726679,,,,=34=
RH_fiche_171_,,,66,PERPIGNAN,FABLAB ORLES VALLEY,,66000,43 Avenue Paul Pasco,,,,PRV. ASSOCIATION,ASSOCIATION ORLES VALLEY,,,laurent.denet@imerir.com,,,,,,,,,,,,,,,,,,,,,,,,,,,,,,,,TL,,,42.675048,2.849231,,,,=66=
RH_fiche_172_,,,66,PERPIGNAN,ART PRESTIGE,,66000,51 quai Sébastien Vauban,,,,PRV. EURL,ART PRESTIGE,,O601861410,veronique@artprestig.com,,,,,,,,,,,,,,,,,,,,,,,,,,,,,,,,TL,,,42.700421,2.89299,,,,=66=
RH_fiche_173_,,,31,Pibrac,Maison des Initiatives Sociales et Culturelles,,31820,1 Impasse de la Gare,,,,,,FIGO Centre social,,,,,,,,,,,Decembre 2019,,,ORD,,,,COMP,,,,,,,,,,,,,,,,,,,43.621387,1.28721,,ORD-COMP,,=31=
RH_fiche_174_,,,65,PIERREFITTE NESTALAS,Pierrefitte-Nestalas,La Poste,65260,Place Jean Jaurès,,,,,,La Poste,,,,9:30 - 12:00 / 13:30 - 16:45,9:30 - 12:00 / 13:30 - 16:45,9:30 - 12:00 / 13:30 - 16:45,9:30 - 12:00 / 13:30 - 16:45,9:30 - 12:00 / 13:30 - 16:45,9:00 - 12:00,,Janvier 2020,,,,,,,,,,,,,,,,,,,,,,,MFS,,,42.96096,-0.074149,,,,=65=
RH_fiche_175_,,,32,Plaisance,EREF - PIJ,,32160,,,,,,,,,,,,,,,,,,Decembre 2019,,,,,,,,,,,,,,,,,,,,,,,,,,43.603586,0.047299,,,,=32=
RH_fiche_176_,,,32,PLAISANCE DU GERS,Plaisance du Gers,La Poste,32160,38 rue de l’Adour,,,,,,La Poste,,,,9:00 - 12:00 / 13:30 - 16:30,9:00 - 12:00 / 13:30 - 16:30,9:00 - 12:00 / 13:30 - 16:30,9:00 - 12:00 / 13:30 - 16:30,9:00 - 12:00 / 13:30 - 16:30,9:00 - 12:00,,Janvier 2020,,,,,,,,,,,,,,,,,,,,,,,MFS,,,43.605419,0.045201,,,,=32=
RH_fiche_177_,,,31,Plaisance du Touch,centre social Sesame,,31830,,,,,,,FIGO Centre social,,,,,,,,,,,Decembre 2019,,,COMP,SEN,inscription,,,,,,,,,,,,,,,,,,,,,43.565519,1.285013,SEN,COMP,,=31=
RH_fiche_178_,,,48,PONT-DE-MONVERT,TL CC DES CEVENNES AU MONT LOZERE,,48220,311 rue le Quai,,,,PUB. EPCI,CC DES CEVENNES AU MONT LOZERE,,O434090614 - O663998082,mamartinez.com@gmail.com,,,,,,,,,,,,,,,,,,,,,,,,,,,,,,,,TL,,,44.363171,3.744551,,,,=48=
RH_fiche_179_,,,34,PRADES LE LEZ,LA MENUISERIE DE SAUVIELLE,,34730,,,,,PRV. ASSOCIATION,,,04 67 66 22 16 - 06 76 95 81 98,dugenie@gmail.com,,,,,,,,,,,,,,,,,,,,,,,,,,,,,,,,TL,,,43.693778,3.868886,,,,=34=
RH_fiche_180_,,,31,Puydaniel,Solidarité Numérique CCAS,,31190,,8  avenue des Pyrénées ,,,,,Mairie,05 61 50 72 44, mairiepuydaniel@wanadoo.fr,https://www.mairie-puydaniel.fr/,,,,,,,,Decembre 2019,TP,Libre,ORDM,,,,ACCN,,,,SENS,,,,,,,,,,,,,,,43.330519,1.420261,TP,ORDM-ACCN-SENS,,=31=
RH_fiche_181_,,,81,RABASTENS,LE PRE VERT,,81800,,,,,PRV. ASSOCIATION,LA LOCALE,,06 81 70 87 60,leprevert81@gmail.com,,,,,,,,,,,,,,,,,,,,,,,,,,,,,,,,TL,,,43.841724,1.731076,,,,=81=
RH_fiche_182_,,,65,RABASTENS DE BIGORRE,Rabastens en Bigorre,CC Adour Madiran,65140,16 place centrale, ,,,,,Collectivité,,,,8:30 - 12:00,8:30 - 12:00 / 13:30 - 17:00,8:30 - 12:00,8:30 - 12:00 / 13:30 - 17:00,8:30 - 12:00,-,,Janvier 2020,,,,,,,,,,,,,,,,,,,,,,,MFS,,,43.387473,0.150968,,,,=65=
RH_fiche_183_,,,31,Ramonville,Le pic,,,,,,,,,Association,,,,,,,,,,,Decembre 2019,,,,,,,,,,,,,,,,,,,,,,,,,,49.236806,6.102697,,,,=31=
RH_fiche_184_,,,31,RAMONVILLE,Le F@bRiquet,,31520,14 rue Hermes,,,,PRV. ASSOCIATION,ASSOCIATION PLANETE SCIENCES OCCITANIE,,05 61 73 10 22,ariane.rudelle@planete-sciences.org,,,,,,,,,,,,,,,,,,,,,,,,,,,,,,,,TL,,,43.550024,1.485155,,,,=31=
RH_fiche_185_,,,31,Ramonville Saint-Agne,Le F@bRiquet,,31520,CEEI Théogone - 10 Avenue de l'Europe,,,,,,,05 61 73 10 22,fabmanager@fabriquet.fr,http://www.fabriquet.fr/web/,,14h-22h,13h-18h,Sur RDV,13h-18h,13h-20h,,Decembre 2019,,,FL,,,,,,,,,,,,,,,,,,,,TL,,,43.550909,1.48805,,FL,,=31=
RH_fiche_186_,,,31,RIEUMES,Rieumes - CC Cœur de Garonne,Communauté de Communes Cœur de Garonne,31370,2 Place du marché à la volaille,,,,,,Collectivité,,msap@cc-coeurdegaronne.fr,,8:30 - 12:30 / 14:00 - 18:00,14:00 - 18:00,8:30 - 12:30,8:30 - 12:30,8:30 - 12:30,-,,Janvier 2020,,,,,,,,,,,,,,,,,,,,,,,MFS,,,43.413138,1.119217,,,,=31=
RH_fiche_187_,,,31,RIEUX VOLVESTRE,Relais d'entreprise de RIEUX VOLVESTRE,,31310,10 rue de la Tour de Guet,,,,PRV. SARL,SARL LES BRUNIS,,06 72 36 02 32,d.aumont@relais-d-entreprises.com,,,,,,,,,,,,,,,,,,,,,,,,,,,,,,,,TL,,,43.263571,1.188008,,,,=31=
RH_fiche_188_,,,32,Riscle,Télécentre de Riscle,,32400,,,,,,,,,manonbonnet.gers@gmail.com,,,,,,,,,Decembre 2019,,,,,,,,,,,,,,,,,,,,,,,,,,43.645079,-0.07903,,,,=32=
RH_fiche_189_,,,12,RODEZ,MJC RODEZ,,12000,,,,,PRV. ASSOCIATION,,,05 65 67 01 13,lmelin@free.fr,,,,,,,,,,,,,,,,,,,,,,,,,,,,,,,,TL,,,44.359341,2.567132,,,,=12=
RH_fiche_190_,,,12,RODEZ,HOP DES IDEES,,12000,4 boulevard Gambetta,,,,PRV. ASSOCIATION,ASSOCIATION COWORKING RODEZ,,06 63 85 24 64,hello@coworking-rodez.fr,,,,,,,,,,,,,,,,,,,,,,,,,,,,,,,,TL,,,44.350382,2.573387,,,,=12=
RH_fiche_191_,,,12,RODEZ,FABLAB STATION A,,12000,,,,,PRV. ASSOCIATION,ASSOCIATION DE PREFIGURATION STATION A,,06 88 18 44 61,valente.ismael@gmail.com,,,,,,,,,,,,,,,,,,,,,,,,,,,,,,,,TL,,,44.359341,2.567132,,,,=12=
RH_fiche_192_,,,12,SAINT AFFRIQUE,TL LA TERRASSE SAINT AFFRIQUE,,12400,1 rue Henri Michel,,,,PUB. EPCI,CC DU SAINT AFFRICAIN,,05 65 99 49 56,e.condamines@cc-saintaffricain.fr,,,,,,,,,,,,,,,,,,,,,,,,,,,,,,,,TL,,,43.955583,2.894324,,,,=12=
RH_fiche_193_,,,34,SAINT ANDRE DE SANGONIS,NOVEL.ID,,34725,1 rue du Moulin à Huile,,,,PUB. SYNDICAT MIXTE,SYDEL DU PAYS CŒUR D’HERAULT,,04 67 44 39 74 - 06 07 12 97 64,annick.ferry@coeur-herault.fr,,,,,,,,,,,,,,,,,,,,,,,,,,,,,,,,TL,,,43.652353,3.521899,,,,=34=
RH_fiche_194_,,,48,SAINT CHELY D’APCHER,TELECENTRE,,48200,67  rue Théophile Roussel,,,,PUB. COMMUNE,COMMUNE DE SAINT CHELY D’APCHER,,04.66.31.00.67,nadine.brunet-astruc@stchelydapcher.fr,,,,,,,,,,,,,,,,,,,,,,,,,,,,,,,,TL,,,44.801797,3.27549,,,,=48=
RH_fiche_195_,,,32,Saint Clar,prends toi en main,,32380,,,,,,,Association,,,,,,,,,,,Decembre 2019,,,,,,,,,,,,,,,,,,,,,,,,,,43.888835,0.763148,,,,=32=
RH_fiche_196_,,,31,Saint Gaudens,MJC / cyber-base du Saint-Gaudinois,,31800,1 place du maréchal juin,,4329356,1782531,,,Association,05 61 94 66 45,info@mjc-st-gaudens.org ,www.mjc-st-gaudens.org,,,,,,,,Decembre 2019,,,ORDM,,,,COMP,,,,,,,,,,,,,,,,,,,43.109098,0.726493,,ORDM-COMP,,=31=
RH_fiche_197_,,,31,Saint Gaudens,APP Comminges-Luchonnais,,31800,,,,,,,,,,,,,,,,,,Decembre 2019,,,,,,,,,,,,,,,,,,,,,,,,,,43.120831,0.725021,,,,=31=
RH_fiche_198_,,,31,Saint Gaudens,Club de prévention Saint Gaudens,,31800,,,,,,,,,,,,,,,,,,Decembre 2019,,,,,,,,,,,,,,,,,,,,,,,,,,43.120831,0.725021,,,,=31=
RH_fiche_199_,,,31,Saint Gaudens,CyberBase de Saint Gaudens,,31800,,,,,,,,,,,,,,,,,,Decembre 2019,,,,,,,,,,,,,,,,,,,,,,,,,,43.120831,0.725021,,,,=31=
RH_fiche_200_,,,31,SAINT JEAN,ESPACE MEDIATION NUMERIQUE ST JEAN,,31240,,,,,PUB. COMMUNE,COMMUNE DE ST JEAN,,05 32 09 68 37,sylvie.blanc@mairie-saintjean.fr,,,,,,,,,,,,,,,,,,,,,,,,,,,,,,,,TL,,,43.664181,1.504563,,,,=31=
RH_fiche_201_,,,65,Saint Laurent de Neste,SARAPP GRETA des Hautes-Pyrénées,,65150,,,4301773,0 591438,,,,,,,,,,,,,,Decembre 2019,,,,,,,,,,,,,,,,,,,,,,,,,,43.090206,0.481209,,,,=65=
RH_fiche_202_,,,65,Saint Laurent de Neste,Maison du savoir,,65150,,,,,,,,,contact@maisondusavoir.fr,,,,,,,,,Decembre 2019,,,,,,,,,,,,,,,,,,,,,,,,,,43.090206,0.481209,,,,=65=
RH_fiche_203_,,,65,SAINT LAURENT DE NESTE,FABLAB SAPIENS,,65150,ZA Pic Pyrénées Innovation,,,,PUB. EPCI,C.C. CANTON DE ST LAURENT DE NESTE,,,maxime.lagarde@neste-barousse.fr,,,,,,,,,,,,,,,,,,,,,,,,,,,,,,,,TL,,,43.077075,0.482453,,,,=65=
RH_fiche_204_,,,11,Saint Marcel sur Aude,Centre Socioculturel et Familial ‘Les Passerelles’,,11120,107  avenue de Saint Pons,BP 8,,,,,FIGO Centre social,04 68 42 35 25,lespasserelles@cs-les-passerelles.fr,www.cs-les-passerelles.fr,9h – 12h et 14h – 18h,9h - 12h,9h – 12h et 14h – 18h,9h - 12h,9h - 12h,,,Decembre 2019,,,ORDM,,,,ACCDA,,,,ACCN,,,,SENS,,,,COMP,,,,MFS,,,43.251553,2.914701,,ORDM-ACCDA-ACCN-SENS-COMP,,=11=
RH_fiche_205_,,,31,Saint Orens,CCAS,,31650,,,430288,2979497,,,Mairie,,,,,,,,,,,Decembre 2019,,,,,,,,,,,,,,,,,,,,,,,,,,43.553524,1.532526,,,,=31=
RH_fiche_206_,,,31,Saint Orens de Gameville,Espace Pour Tous,,31650,,,,,,,FIGO Centre social,,,,,,,,,,,Decembre 2019,,,,,,,,,,,,,,,,,,,,,,,,,,43.553524,1.532526,,,,=31=
RH_fiche_207_,,,46,SAINT-CERE,TL CAUVALDOR - POLE NUMERIQUE SAINT CERE,,46200,place Bourseul,,,,PUB. EPCI,CC CAUSSES ET VALLEE DE LA DORDOGNE,,05.65.27.02.10,a.pecrix@cauvaldor.fr,,,,,,,,,,,,,,,,,,,,,,,,,,,,,,,,TL,,,44.859923,1.887871,,,,=46=
RH_fiche_208_,,,46,SAINT-CERE,FABLAB CAUSSES ET VALLEE DORDOGNE,,46200,place Bourseul,,,,PUB. EPCI,C.C. CAUVALDOR,,,,,,,,,,,,,,,,,,,,,,,,,,,,,,,,,,,TL,,,44.859923,1.887871,,,,=46=
RH_fiche_209_,,,32,Saint-Clar,Médiathèque de Saint-Clar,,32380,place dastros,,4281608,0 32982,,,FIGO Centre social,05 62 07 49 12,mediathequestclar@orange.fr,https://fr-fr.facebook.com/mediatheque.desaintclar,,,,,,,,Decembre 2019,,,ORDM,,,,COMP,,,,,,,,,,,,,,,,,,,43.890771,0.769521,,ORDM-COMP,,=32=
RH_fiche_210_,,,31,Saint-Jean,MJC Les Granges / Saint Jean,,31240,33 route d'Albi,ter,,,,,,05 32 09 67 50,,https://www.mairie-saintjean.fr/les-granges/,,,,,,,,Decembre 2019,,,ORDM,,,,COMP,,,,FL,,,,,,,,,,,,,,,43.664503,1.50383,,ORDM-COMP-FL,,=31=
RH_fiche_211_,,,31,Saint-Jean,Centre Social Les Granges / Saint Jean,,31240,33 route d'Albi,ter,,,,,FIGO Centre social,05 32 09 68 37,,https://www.mairie-saintjean.fr/les-granges/,,,,,,,,Decembre 2019,,,ACCN,,,,SENS,,,,SENS,,,,,,,,,,,,,,,43.664503,1.50383,,ACCN-SENS-SENS,,=31=
RH_fiche_212_,,,31,SAINT-JEAN,CREATEC - LES GRANGES,,31240,33 ter route d'Albi,,432432,0 063311,PRV. ASSOCIATION,ASSOCIATION MJC SAINT JEAN,,,direction@mjcstj31.fr,,,,,,,,,,,,,,,,,,,,,,,,,,,,,,,,TL,,,43.664951,1.50452,,,,=31=
RH_fiche_213_,,,31,Saint-Lys,MJC-Centre social,,31470,1 Rue des Glycines ,,,,,,FIGO Centre social, 05 34 48 56 91 , centresocial@saint-lys.fr ,,,,,,,,,Decembre 2019,,,COMP,,,,,,,,,,,,,,,,,,,,,,,43.511462,1.17435,,COMP,,=31=
RH_fiche_214_,,,11,SALLES SUR L HERS,Castelnaudary Lauragais Audois,ENERGIES PIEGE,11410,9 Rue des Rosiers,,,,,,Association,,,,8:30 - 12:00,8:30 - 12:00 / 13:30 - 17:00,8:30 - 12:00 / 13:30 - 17:00,8:30 - 12:00 / 13:30 - 17:00,8:30 - 12:00,-,,Janvier 2020,,,,,,,,,,,,,,,,,,,,,,,MFS,,,43.293559,1.782531,,,,=11=
RH_fiche_215_,,,32,Samatan,MSAP Gestes,,,,,,,,,MSAP,,,,,,,,,,,Decembre 2019,,,,,,,,,,,,,,,,,,,,,,,,,,43.492442,0.926737,,,,=32=
RH_fiche_216_,,,32,Samatan,Le bureau Samatanais,,32130,,,,,,,,05 62 59 71 02 ,contact@lebureausamatanais.fr,http://www.lebureausamatanais.fr/#,,,,,,,,Decembre 2019,,,,,,,,,,,,,,,,,,,,,,,,,,43.492442,0.926737,,,,=32=
RH_fiche_217_,,,32,Samatan,CCAS,,32130,,,,,,,MSAP,,,,,,,,,,,Decembre 2019,,,,,,,,,,,,,,,,,,,,,,,,,,43.492442,0.926737,,,,=32=
RH_fiche_218_,,,32,SAMATAN,LE BUREAU SAMATANAIS,,32130,6 rue de la commanderie,,,,PRV. SAS,SAS LE BUREAU SAMATANAIS,,06 33 48 01 17,contact@lebureausamatanais.fr,,,,,,,,,,,,,,,,,,,,,,,,,,,,,,,,TL,,,43.492673,0.931293,,,,=32=
RH_fiche_219_,,,65,SARP,Sarp,CC Neste Barousse,65370,Maison de la Barousse,Centre Village,,,,,,,communaute-de-communes@neste-barousse.fr,,9:00 - 12:30 / 14:00 - 17:00,9:00 - 12:30 / 14:00 - 17:00,9:00 - 12:30 / 14:00 - 17:00,9:00 - 12:30 / 14:00 - 17:00,9:00 - 12:30 / 14:00 - 17:00,-,,Janvier 2020,,,,,,,,,,,,,,,,,,,,,,,MFS,,,43.02399,0.602721,,,,=65=
RH_fiche_220_,,,32,Sarrant,Espace  de  Vie  Sociale  LaMIS,,32120,14 rue du milieu,,,,,,FIGO Centre social,05 42 54 25 24,lamis@orange.fr,,,11h - 12h30 et 13h30 - 17h,11h - 12h30 et 13h30 - 17h,11h - 12h30 et 13h30 - 17h,11h - 12h30 et 13h30 - 17h,,,Decembre 2019,,,ORD,,,,,,,,,,,,,,,,,,,,,,,43.774131,0.928335,,ORD,,=32=
RH_fiche_221_,,,32,SEISSAN,Val de Gers - Antenne de Seissan,Communauté de Communes Val de Gers,32260,1 Place Carnot,,,,,,Collectivité,,accueil@cc-valdegers.fr,,9:00 - 12:00 / 13:30 - 17:30,9:00 - 12:00 / 13:30 - 17:30,9:00 - 12:00 / 13:30 - 17:30,9:00 - 12:00 / 13:30 - 17:30,9:00 - 12:00 / 13:30 - 17:30,-,,Janvier 2020,,,,,,,,,,,,,,,,,,,,,,,MFS,,,43.492681,0.592072,,,,=32=
RH_fiche_222_,,,34,SETE,FABLAB LA PALANQUEE,,34200,,,,,PRV. ASSOCIATION,ASSOCIATION SETE EN COMMUN,,06 75 45 04 61 - 06 61 77 31 89,contact@setencommun.fr,,,,,,,,,,,,,,,,,,,,,,,,,,,,,,,,TL,,,43.395424,3.669946,,,,=34=
RH_fiche_223_,,,11,SIGEAN,PIMMS - Corbières Méditerranée,Union Nationale des PIMMS,11130,2 place de la Libération,,,,,,PIMMS,04 68 33 51 12,sigean@pimms.org,,14:00 - 17:00,9:00 - 13:00 / 14:00 - 19:00,9:00 - 13:00 / 14:00 - 17:00,14:00 - 17:00,9:00 - 12:00,-,,Janvier 2020,,,,,,,,,,,,,,,,,,,,,,,MFS,,,43.0288,2.979497,,,,=11=
RH_fiche_224_,,,32,SIMORRE,LE BOUCHE A OREILLE,,32420,,,,,PRV. SCIC SARL,,,05 62 05 52 42,contact@lebao.fr,,,,,,,,,,,,,,,,,,,,,,,,,,,,,,,,TL,,,43.455778,0.731679,,,,=32=
RH_fiche_225_,,,31,ST GAUDENS,TIERS LIEUX EN COMMINGES,,31800,1 place Maréchal Juin,,,,PRV. ASSOCIATION,MAISON DE L AVENIR COMMINGES PYRENEES,,05.61.94.66.45,julie@maisondelavenir.eu,,,,,,,,,,,,,,,,,,,,,,,,,,,,,,,,TL,,,43.109098,0.726493,,,,=31=
RH_fiche_226_,,,30,ST HIPPOLYTE DU FORT,L'ILOT,,30170,6 rue Pasteur,,,,PRV. ASSOCIATION,ASSOCIATION UN AUTRE LIEU,,09 62 50 66 39 - 06 95 25 17 29,unautrelieu@gmail.com,,,,,,,,,,,,,,,,,,,,,,,,,,,,,,,,TL,,,43.966052,3.857491,,,,=30=
RH_fiche_227_,,,65,ST LARY SOULAN,Saint-Lary-Soulan,Guichet Initiative Pluriactivité Emploi (GIPE),65170,36 rue Vincent Mir,Galerie Commerciale,,,,,Association,,,,9:00 - 12:00 / 14:00 - 17:00,9:00 - 12:00 / 14:00 - 17:00,9:00 - 12:00 / 14:00 - 17:00,9:00 - 12:00 / 14:00 - 17:00,9:00 - 12:00 / 14:00 - 17:00,-,,Janvier 2020,,,,,,,,,,,,,,,,,,,,,,,MFS,,,42.816079,0.320982,,,,=65=
RH_fiche_228_,,,82,St-Antonin-Noble-Val,FABLAB ORIGAMI,,82140,,,,,PUB. EPCI,CC DU QUERCY ROUERGUE ET DES GORGES DE L'AVEYRON,,05 63 30 67 01,directiongenerale@cc-qrga.fr,,,,,,,,,,,,,,,,,,,,,,,,,,,,,,,,TL,,,44.147021,1.75014,,,,=82=
RH_fiche_229_,,,65,St-Laurent-de-Neste,FABLAB SAPIENS,,65150,,,,,PUB. EPCI,CC NESTE BAROUSSE,,05 62 99 35 23 - 06 71 32 51 67,maxime.lagarde@neste-barousse.fr,,,,,,,,,,,,,,,,,,,,,,,,,,,,,,,,TL,,,43.090206,0.481209,,,,=65=
RH_fiche_230_,,,65,TARBES,Tarbes Laubadère,La Poste,65000,10 Avenue Antoine de Saint-exupéry, ,,,,,La Poste,,,,9:00 - 12:00 / 14:00 - 16:30,9:00 - 12:00 / 14:00 - 16:30,9:00 - 12:00 / 14:00 - 16:30,9:00 - 12:00 / 14:00 - 16:30,9:00 - 12:00 / 14:00 - 16:30,-,,Janvier 2020,,,,,,,,,,,,,,,,,,,,,,,MFS,,,43.2432,0.063311,,,,=65=
RH_fiche_231_,,,65,TARBES,L'ADR'ESS,,65000,2 Boulevard Garigliano,,,,PRV. ASSOCIATION,LES PETITS DEBROUILLARDS,,06 48 86 91 40,e.portalier@lespetitsdebrouillards.org,,,,,,,,,,,,,,,,,,,,,,,,,,,,,,,,TL,,,43.244753,0.063663,,,,=65=
RH_fiche_232_,,,65,TARBES,CRESCENDO - PLURIFAB - LA MANUFACTURE,,65000,14 Boulevard Pierre RENAUDET,,,,PRV. ASSOCIATION,ASSOCIATION CRESCENDO,,05.62.36.21.34 - 06.10.78.05.87,emmanuel.dubie@crescendo-tarbes.com,,,,,,,,,,,,,,,,,,,,,,,,,,,,,,,,TL,,,43.246035,0.08127,,,,=65=
RH_fiche_233_,,,81,TERSSAC,BURO CLUB ALBI,,81150,8 Avenue de la Martelle,,,,PRV. SARL,SARL BCA,,05.31.81.97.51.,jpcassagnes@buro.com,,,,,,,,,,,,,,,,,,,,,,,,,,,,,,,,TL,,,43.917593,2.079023,,,,=81=
RH_fiche_234_,,,11,Thezan des corbieres,Espace Public Numérique de la Contrée de Durban-Corbières,,11200,,,,,,,,,developpementlocal@contree-durban-corbieres.fr,,,,,,,,,Decembre 2019,,,,,,,,,,,,,,,,,,,,,,,,,,43.088972,2.78754,,,,=11=
RH_fiche_235_,,,31,Toulouse,Bibliotheque Grand M,,31000,37 avenue de la Reynerie,,,,,Bibliothèque,Collectivités,05 81 91 79 40,,www.bibliotheque.toulouse.fr,,,,,,,,Decembre 2019,,,ORD,,,,ACCN,,,,,,,,,,,,,,,,,,,43.567207,1.400819,,ORD-ACCN,,=31=
RH_fiche_236_,,,31,Toulouse,Combustible numérique,,31000,,,,,,Association,Association,,contact@combustible.fr,,,,,,,,,Decembre 2019,,,COMP,,,,SENS,,,,,,,,,,,,,,,,,,,43.600568,1.433106,,COMP-SENS,,=31=
RH_fiche_237_,,,31,Toulouse,Trajectoire vers l'emploi,,31000,,,,,,Association,Association,,,,,,,,,,,Decembre 2019,,,,,,,,,,,,,,,,,,,,,,,,,,43.600568,1.433106,,,,=31=
RH_fiche_238_,,,31,Toulouse,Lieu Ressource Formation,,31000,,,,,,Association,Association,,,,,,,,,,,Decembre 2019,,,,,,,,,,,,,,,,,,,,,,,,,,43.600568,1.433106,,,,=31=
RH_fiche_239_,,,31,Toulouse,7 notre quartier,,31000,,,,,,Association,Association,,,,,,,,,,,Decembre 2019,,,,,,,,,,,,,,,,,,,,,,,,,,43.600568,1.433106,,,,=31=
RH_fiche_240_,,,31,Toulouse,CSF – Section Mirail,,31000,14 cheminement le Tintoret,,,,,Association,Association,,,www.csfmirailblf.wixsite.com/csfmirail,,,,,,,,Decembre 2019,,,,,,,,,,,,,,,,,,,,,,,,,,43.561095,1.398594,,,,=31=
RH_fiche_241_,,,31,Toulouse,ADPAM,,31000,,,,,,Association,Association,,,,,,,,,,,Decembre 2019,,,,,,,,,,,,,,,,,,,,,,,,,,43.600568,1.433106,,,,=31=
RH_fiche_242_,,,31,Toulouse,Mieux Vivre Ensemble à la Gloire,,31000,2 rue du général Baurot,,,,,Association,Association,,,,,,,,,,,Decembre 2019,,,,,,,,,,,,,,,,,,,,,,,,,,43.607658,1.470667,,,,=31=
RH_fiche_243_,,,31,Toulouse,Mission Locale,,31000,,,,,,Association,Association,,,,,,,,,,,Decembre 2019,,,,,,,,,,,,,,,,,,,,,,,,,,43.600568,1.433106,,,,=31=
RH_fiche_244_,,,31,Toulouse, ASTREE,,31000,,,,,,Association,Association,,,,,,,,,,,Decembre 2019,,,,,,,,,,,,,,,,,,,,,,,,,,43.600568,1.433106,,,,=31=
RH_fiche_245_,,,31,Toulouse,La case de santé,,31000,17 place Arnaud Bernard,,,,,Association,Association,05 61 23 62 35,contact@casedesante.org,http://casedesante.org/lacase_horaires.html,,,,,,,,Decembre 2019,,,,,,,,,,,,,,,,,,,,,,,,,,43.610785,1.439371,,,,=31=
RH_fiche_246_,,,31,Toulouse,AFEV,,31000,,,,,,Association,Association,,pole.toulouse@afev.org ,,,,,,,,,Decembre 2019,,,,,,,,,,,,,,,,,,,,,,,,,,43.600568,1.433106,,,,=31=
RH_fiche_247_,,,31,Toulouse,Café social,,31000,38 rue Roquelaine,,,,,Association,Association,06 18 57 02 52,,,,,,,,,,Decembre 2019,,,,,,,,,,,,,,,,,,,,,,,,,,43.6114,1.44663,,,,=31=
RH_fiche_248_,,,31,Toulouse,Mairie de quartier de Serveyrolles – Soupetard,,31000,,,,,,Mairie de quartier,Mairie,,,,,,,,,,,Decembre 2019,,,,,,,,,,,,,,,,,,,,,,,,,,43.600568,1.433106,,,,=31=
RH_fiche_249_,,,31,Toulouse,Maison de la citoyenneté Centre,,31000,5 rue Paul Mériel,,,,,Maison de la citoyenneté,Mairie,,,,,,,,,,,Decembre 2019,,,,,,,,,,,,,,,,,,,,,,,,,,43.603967,1.448082,,,,=31=
RH_fiche_250_,,,31,Toulouse,CCAS,,31000,2 bis rue de belfort,,,,,,Mairie,05 61 58 85 85,,,,,,,,,,Decembre 2019,,,,,,,,,,,,,,,,,,,,,,,,,,43.608668,1.452002,,,,=31=
RH_fiche_251_,,,31,Toulouse,Centre d'Animation Soupetard,,31000,,,,,,,,,,,,,,,,,,Decembre 2019,,,,,,,,,,,,,,,,,,,,,,,,,,43.600568,1.433106,,,,=31=
RH_fiche_252_,,,31,Toulouse,MediPass,,31000,,,,,,,,,medipass@free.fr,,,,,,,,,Decembre 2019,,,,,,,,,,,,,,,,,,,,,,,,,,43.600568,1.433106,,,,=31=
RH_fiche_253_,,,31,Toulouse,SAVIF,,31000,,,,,,,,,savifs@free.fr,,,,,,,,,Decembre 2019,,,,,,,,,,,,,,,,,,,,,,,,,,43.600568,1.433106,,,,=31=
RH_fiche_254_,,,31,Toulouse,CPAM Bagatelle,,31100,33 rue du Lot,,,,,,CPAM,,,ameli.fr,,,,,,,,Decembre 2019,,,ORDM,,,,,,,,ACCDS,,,,ACCDA,,,,,,,,,,,43.580461,1.410717,,ORDM-ACCDS-ACCDA,,=31=
RH_fiche_255_,,,31,Toulouse,Partage Faourette,,31100,13 rue de l'ukraine,,,,,,FIGO Centre social,05 34 60 13 16,,,,,,,,,,Decembre 2019,,,ORDM,,,,ACCDA,,,,COMP,,,,ACCN,,,,,,,,,,,43.579038,1.414906,,ORDM-ACCDA-COMP-ACCN,,=31=
RH_fiche_256_,,,31,Toulouse,Pôle Emploi La Cepiere,,31100,4 Chemin du Pigeonnier de Cepière,,,,,,Pôle Emploi,39 49,,www.pole-emploi.fr,,,,,,,,Decembre 2019,,,ORDM,,,,SENS,,,,ACCDS,,,,ACCDA,,,,,,,,,,,43.586132,1.400742,,ORDM-SENS-ACCDS-ACCDA,,=31=
RH_fiche_257_,,,31,Toulouse,"Pôle Emploi
Bellefontaine",,31100,63 allées de Bellefontaine,,,,,,Pôle Emploi,39 49,,www.pole-emploi.fr,,,,,,,,Decembre 2019,,,ORDM,,,,SENS,,,,ACCDS,,,,ACCDA,,,,,,,,,,,43.565759,1.399923,,ORDM-SENS-ACCDS-ACCDA,,=31=
RH_fiche_258_,,,31,Toulouse,APSEM,,31100,3 rue Erik SATIE BP 35711,31057 Toulouse cedex 1,,,,,Association,05 34 60 39 40,apsem2@wanadoo.fr,http://apsem-formation.fr/,8H - 17 h ,8H - 17 h ,8H - 17 h ,8H - 17 h ,8H - 17 h ,8H - 17 h ,,Decembre 2019,,,COMP,,,,SENS,,,,,,,,,,,,,,,,,,,43.568096,1.404642,,COMP-SENS,,=31=
RH_fiche_259_,,,31,Toulouse,Bell'Arc en Ciel,,31100,14 passage G Duhamel,Apt 299,,,,,Association,09 66 82 55 84,assobellarcenciel@gmail.com,,,,,,,,,Decembre 2019,,,ACCDS,,,,SENS,,,,,,,,,,,,,,,,,,,43.563623,1.394212,,ACCDS-SENS,,=31=
RH_fiche_260_,,,31,Toulouse,Maison des Solidarites,,31100,9 rue du Doyen Lefebvre,,,,,,Conseil Départemental,,,,,,,,,,,Decembre 2019,,,ACCDS,,,,ACCDA,,,,,,,,,,,,,,,,,,,43.566876,1.396803,,ACCDS-ACCDA,,=31=
RH_fiche_261_,,,31,Toulouse,Regie de quartier Bellefontaine Services,,31100,41 rue Rimont,,,,,,Association,09 53 17 88 71,bellefontaine.toulouse@cnlrq.org,www.bellefontaine-services.com,,,,,,,,Decembre 2019,,,ACCN,,,,ACCDS,,,,,,,,,,,,,,,,,,,43.56091,1.404452,,ACCN-ACCDS,,=31=
RH_fiche_262_,,,31,Toulouse,Conciergerie solidaire Desbals services,,31100,135 rue henri desbals,,,,,,Association,05 62 14 12 55,desbals-services@wanadoo.fr,,,,,,,,,Decembre 2019,,,ACCN,,,,ACCDS,,,,,,,,,,,,,,,,,,,43.581193,1.413177,,ACCN-ACCDS,,=31=
RH_fiche_263_,,,31,Toulouse,Les imaginations fertiles,,31100,,,,,,,Association,05 61 40 92 16,,,,,,,,,,Decembre 2019,,,,,,,,,,,,,,,,,,,,,,,,,,43.600568,1.433106,,,,=31=
RH_fiche_264_,,,31,Toulouse,Assos,,31100,,,,,,,Association,,,,,,,,,,,Decembre 2019,,,,,,,,,,,,,,,,,,,,,,,,,,43.600568,1.433106,,,,=31=
RH_fiche_265_,,,31,Toulouse,"Regie de quartier
Reynerie Services",,31100,14 avenue  Winston Churchill,,,,,,Association,,reynerie-toulouse@cnlrq.org,www.reynerie-services.com,,,,,,,,Decembre 2019,,,,,,,,,,,,,,,,,,,,,,,,,,43.57025,1.402023,,,,=31=
RH_fiche_266_,,,31,Toulouse,Asso,,31100,,,,,,,Association,,,,,,,,,,,Decembre 2019,,,,,,,,,,,,,,,,,,,,,,,,,,43.600568,1.433106,,,,=31=
RH_fiche_267_,,,31,Toulouse,Alliances et Cultures MUP,,31100,14 chemin du Mirail,,,,,,Association,05 61 44 67 63,accueil.mup@alliancesetcultures.org,,,,,,,,,Decembre 2019,,,,,,,,,,,,,,,,,,,,,,,,,,43.58124,1.400011,,,,=31=
RH_fiche_268_,,,31,Toulouse,Mission Locale Mirail,,31100,,,,,,,Association,,,,,,,,,,,Decembre 2019,,,,,,,,,,,,,,,,,,,,,,,,,,43.600568,1.433106,,,,=31=
RH_fiche_269_,,,31,Toulouse,Lien horizon danse,,31100,,,,,,,Association,,,,,,,,,,,Decembre 2019,,,,,,,,,,,,,,,,,,,,,,,,,,43.600568,1.433106,,,,=31=
RH_fiche_270_,,,31,Toulouse,Maison de l'initiative,,31100,,,,,,,Association, 05 34 63 81 10 ,,,,,,,,,,Decembre 2019,,,,,,,,,,,,,,,,,,,,,,,,,,43.600568,1.433106,,,,=31=
RH_fiche_271_,,,31,Toulouse,N pays Okhan,,31100,,,,,,,Association,,,,,,,,,,,Decembre 2019,,,,,,,,,,,,,,,,,,,,,,,,,,43.600568,1.433106,,,,=31=
RH_fiche_272_,,,31,Toulouse,Parle avec elles,,31100,2 rue Jean Gilles,,,,,,Association,,,,,,,,,,,Decembre 2019,,,,,,,,,,,,,,,,,,,,,,,,,,43.572437,1.401823,,,,=31=
RH_fiche_273_,,,31,Toulouse,L'Ecole et Nous,,31100,10 cheminement Le Tintoret,,,,,,Association,,assoecoleetnous@gmail.com,www.ecoleetnous.wixsite.com,,,,,,,,Decembre 2019,,,,,,,,,,,,,,,,,,,,,,,,,,43.561095,1.398594,,,,=31=
RH_fiche_274_,,,31,Toulouse,Bas d'immeubles,,31100,3 chemin Vincent d'Indy,,,,,,Association,05.62.14.19.70 / 09 72 83 40 47,bas.im@wanadoo.fr,,,,,,,,,Decembre 2019,,,,,,,,,,,,,,,,,,,,,,,,,,43.570219,1.406308,,,,=31=
RH_fiche_275_,,,31,Toulouse,Voir et comprendre,,31100,,,,,,,Association,,voir.comprendre@voiretcomprendre.fr,,,,,,,,,Decembre 2019,,,,,,,,,,,,,,,,,,,,,,,,,,43.600568,1.433106,,,,=31=
RH_fiche_276_,,,31,Toulouse,Centre social municipal Bellefontaine Lafourguette,,31100,3 impasse Foulquier,,,,,,Centre social,,,,,,,,,,,Decembre 2019,,,,,,,,,,,,,,,,,,,,,,,,,,43.565354,1.40215,,,,=31=
RH_fiche_277_,,,31,Toulouse,Centre social alliances & Cultures Mirail rive droite,,31100,2 cheminement andré messager,,,,,,Centre social,05 61 44 67 63,,,,,,,,,,Decembre 2019,,,,,,,,,,,,,,,,,,,,,,,,,,43.572773,1.406215,,,,=31=
RH_fiche_278_,,,31,Toulouse,"Centre social
CAF Reynerie",,31100,15 place Abbal,,,,,,Centre social,,,,,,,,,,,Decembre 2019,,,,,,,,,,,,,,,,,,,,,,,,,,43.571282,1.402395,,,,=31=
RH_fiche_279_,,,31,Toulouse,Espaces Seniors Connectes,,31100,14 place Abbal,,,,,,Collectivites,,,,,,,,,,,Decembre 2019,,,,,,,,,,,,,,,,,,,,,,,,,,43.571328,1.401353,,,,=31=
RH_fiche_280_,,,31,Toulouse,PIJ Mirail,,31100,6 chemin Edgar Varese,,,,,,,05 61 72 45 37,mespij.toulouse@crij.org,www.ij-mirail.org,,,,,,,,Decembre 2019,,,,,,,,,,,,,,,,,,,,,,,,,,43.573614,1.40405,,,,=31=
RH_fiche_281_,,,31,Toulouse,PIJ,,31100,,,,,,,,,,,,,,,,,,Decembre 2019,,,,,,,,,,,,,,,,,,,,,,,,,,43.600568,1.433106,,,,=31=
RH_fiche_282_,,,31,Toulouse,MCEF,,31100,57 allées de Bellefontaine,,,,,,,,,,,,,,,,,Decembre 2019,,,,,,,,,,,,,,,,,,,,,,,,,,43.565245,1.400657,,,,=31=
RH_fiche_283_,,,31,Toulouse,MDS Borderouge,,31200,4 rue françoise d'eaubonne,Bat A,,,,,Conseil Départemental,05 34 36 17 00,,,,,,,,,,Decembre 2019,,,ORD,,,,ACCDA,,,,,,,,,,,,,,,,,,,43.642506,1.453359,,ORD-ACCDA,,=31=
RH_fiche_284_,,,31,Toulouse,La fabrique solidaire,,31200,local des Mazades 29 bis avenue des Mazades,,,,,,Association,05 61 25 38 28,,www.lafabriquesolidaire.org,9h30 - 12h30 et 13h30 - 17h,9h30 - 12h30 et 13h30 - 17h,9h30 - 12h30 et 13h30 - 17h,9h30 - 12h30 et 13h30 - 17h,9h30 - 12h30 et 13h30 - 17h,9h30 - 12h30 et 13h30 - 17h,,Decembre 2019,,,ORDM,,,,SENS,,,,COMP,,,,,,,,,,,,,,,43.623129,1.441383,,ORDM-SENS-COMP,,=31=
RH_fiche_285_,,,31,Toulouse,Pole Emploi Borderouge,,31200,6 rue françoise d'eaubonne,Bat C,,,,,Pôle Emploi,,,www.pole-emploi.fr,,,,,,,,Decembre 2019,,,ORDM,,,,SENS,,,,,,,,ACCDA,,,,,,,,,,,43.643232,1.453016,,ORDM-SENS-ACCDA,,=31=
RH_fiche_286_,,,31,Toulouse,Parole expression,,31200,19 rue Marc Arcis,,,,,,Association,05 82 95 67 80,,paroleexpression.fr,,,,,,,,Decembre 2019,Etranger,,ACCDA,,,,COMP,,,,,,,,,,,,,,,,,,,43.623632,1.43616,Etranger,ACCDA-COMP,,=31=
RH_fiche_287_,,,31,Toulouse,MDS Minimes,,31200,33 rue joseph jacquard,,,,,,Conseil Départemental,05 62 72 77 80,,,,,,,,,,Decembre 2019,,,ACCDA,,,,,,,,,,,,,,,,,,,,,,,43.623466,1.427715,,ACCDA,,=31=
RH_fiche_288_,,,31,Toulouse,Secours populaire,,31200,147 avenue des etats unis,,,,,,Association,05 34 40 34 40,,,,,,,,,,Decembre 2019,,,,,,,,,,,,,,,,,,,,,,,,,,43.63554,1.43059,,,,=31=
RH_fiche_289_,,,31,Toulouse,Secours catholique,,31200,place du marche aux cochons,,,,,,Association,05 34 25 67 40,,,,,,,,,,Decembre 2019,,,,,,,,,,,,,,,,,,,,,,,,,,43.620334,1.435406,,,,=31=
RH_fiche_290_,,,31,Toulouse,PIJ Quartier Nord,,31200,118 Boulevard Pierre et Marie Curie,,,,,,Association,05 62 72 23 78,cyberbasetoulousenord@orange.fr,http://www.pijtoulousenord.org,,,,,,,,Decembre 2019,,,,,,,,,,,,,,,,,,,,,,,,,,43.626305,1.43686,,,,=31=
RH_fiche_291_,,,31,Toulouse,Entr'act solidarite,,31200,148 avenue de fronton,,,,,,Association,05 61 55 59 26,,,,,,,,,,Decembre 2019,,,,,,,,,,,,,,,,,,,,,,,,,,43.637631,1.433421,,,,=31=
RH_fiche_292_,,,31,Toulouse,Mission Locale Antenne quartier nord,,31200,1 rue ernest renan,,,,,,Association,05 61 57 59 92,,,,,,,,,,Decembre 2019,,,,,,,,,,,,,,,,,,,,,,,,,,43.628251,1.445023,,,,=31=
RH_fiche_293_,,,31,Toulouse,Centre social Alliances & Cultures Cap Nord,,31200,12 rue Clouet,,,,,,Centre social,05 61 13 35 96,alliancesetculturesnord@yahoo.fr,www.alliancesetcultures.ouvaton.org,,,,,,,,Decembre 2019,,,,,,,,,,,,,,,,,,,,,,,,,,43.631471,1.43278,,,,=31=
RH_fiche_294_,,,31,Toulouse,CCPS et CARMI,,31200,44 chemin des izards,,,,,,Centre social,05 62 72 48 50,clshp@ccpst.org carmi@ccpst.org,,,,,,,,,Decembre 2019,,,,,,,,,,,,,,,,,,,,,,,,,,43.639736,1.4445,,,,=31=
RH_fiche_295_,,,31,Toulouse,Alliances et Cultures Les Troênes,,31200,69 rue des Troênes,,,,,,Centre social,05 61 57 14 71,,,,,,,,,,Decembre 2019,,,,,,,,,,,,,,,,,,,,,,,,,,43.617705,1.414786,,,,=31=
RH_fiche_296_,,,31,Toulouse,Antenne CCPS Picarel,,31200,26 allées Django Reinhard,,,,,,Centre social,05 61 70 45 62,,,,,,,,,,Decembre 2019,,,,,,,,,,,,,,,,,,,,,,,,,,43.648485,1.410764,,,,=31=
RH_fiche_297_,,,31,Toulouse,Antenne CCPS Les Chênes,,31200,49 rue des mésanges,,,,,,Centre social,05 62 75 46 29,,,,,,,,,,Decembre 2019,,,,,,,,,,,,,,,,,,,,,,,,,,43.660754,1.411986,,,,=31=
RH_fiche_298_,,,31,Toulouse,Centre social Izards/Borderouge,,31200,1 place Micoulaud,,,,,,FIGO Centre social,05 67 04 14 80,,,,,,,,,,Decembre 2019,,,COMP,TP,,,ORD,ALL,Libre,,ORD,TP,Libre,,,,,,,,,,,,,43.625551,1.452016,TP-ALL-TP,COMP-ORD-ORD,,=31=
RH_fiche_299_,,,31,Toulouse,MJC Croix-Daurade,,31200,,,,,,,,,,http://www.mjccroixdaurade.fr/,,,,,,,,Decembre 2019,,,,,,,,,,,,,,,,,,,,,,,,,,43.600568,1.433106,,,,=31=
RH_fiche_300_,,,31,Toulouse,CSF Cugnaux,,31270,,,,,,,,,,,,,,,,,,Decembre 2019,,,,,,,,,,,,,,,,,,,,,,,,,,43.553652,1.356698,,,,=31=
RH_fiche_301_,,,31,Toulouse,MDS Castanet-Tolosan,,31300,68 avenue de Lauragais,,,,,,Conseil Départemental,05 62 71 91 80,,,,,,,,,,Decembre 2019,,,ACCDA,,,,,,,,,,,,,,,,,,,,,,,43.579762,1.456133,,ACCDA,,=31=
RH_fiche_302_,,,31,Toulouse,Centre Social – ASSQOT,,31300,18 rue Vincent Scotto,,,,,,Centre social,,,www.assqot.com,,,,,,,,Decembre 2019,,,,,,,,,,,,,,,,,,,,,,,,,,43.598293,1.416982,,,,=31=
RH_fiche_303_,,,31,Toulouse,Centre social annexe  Arenes romaines,,31300,107 avenue des Arènes Romaines,,,,,,Centre social,05 61 16 09 46,,,,,,,,,,Decembre 2019,,,,,,,,,,,,,,,,,,,,,,,,,,43.615071,1.396945,,,,=31=
RH_fiche_304_,,,31,Toulouse,CCPS Hameau de fleurance,,31300,12 impasse benozzi,,,,,,Centre social,05 62 72 48 50,,,,,,,,,,Decembre 2019,,,,,,,,,,,,,,,,,,,,,,,,,,43.603236,1.353572,,,,=31=
RH_fiche_305_,,,31,Toulouse,Point Infomartions Jeunesse Empalot,,31400,,,,,,,Mairie,,,,,,,,,,,Decembre 2019,,,ORD,,,,ACCDS,,,,,,,,,,,,,,,,,,,43.600568,1.433106,,ORD-ACCDS,,=31=
RH_fiche_306_,,,31,Toulouse,Mediatheque Empalot,,31400,40 avenue jean moulin,,,,,,Mairie,,,,,,,,,,,Decembre 2019,,,ORD,,,,SENS,,,,COMP,,,,,,,,,,,,,,,43.578868,1.441595,,ORD-SENS-COMP,,=31=
RH_fiche_307_,,,31,Toulouse,maison des citoyennetes Niel,,31400,81 rue saint roch,,,,,,Mairie,,,,,,,,,,,Decembre 2019,,,ORD,,,,,,,,,,,,,,,,,,,,,,,43.578796,1.44655,,ORD,,=31=
RH_fiche_308_,,,31,Toulouse,Bibliotheque Mediatheque Rangueil,,31400,19 rue claude forbin,,,,,,Mairie,,,,,,,,,,,Decembre 2019,,,ORD,,,,,,,,,,,,,,,,,,,,,,,43.574867,1.463951,,ORD,,=31=
RH_fiche_309_,,,31,Toulouse,Bib' Insa,,31400,135 avenue de rangueil,,,,,,,,,,,,,,,,,Decembre 2019,,,ORD,,,,,,,,,,,,,,,,,,,,,,,43.569183,1.466106,,ORD,,=31=
RH_fiche_310_,,,31,Toulouse,Bibliotheque Universitaire de Sciences,,31400,118 rte de narbonne,,,,,,,,,,,,,,,,,Decembre 2019,,,ORD,,,,,,,,,,,,,,,,,,,,,,,43.57159,1.453843,,ORD,,=31=
RH_fiche_311_,,,31,Toulouse,Avenir Nouvelle maison des chomeurs,,31400,115 rue bonnat,,,,,,Association,05 34 31 33 11,avenir.toulouse@wanadoo.fr,https://maisondeschomeurs.org,9h-12h ,9h-12h ,9h-12h ,9h-12h ,9h-12h ,,,Decembre 2019,TP,,ORDM,,,,ACCDS,,Sur rendez-vous,,SENS,,,,COMP,Sur inscription,,,,,,,EPN  TL  APTIC,Oui,,43.581165,1.45768,TP-Sur inscription,ORDM-ACCDS-SENS-COMP,,=31=
RH_fiche_312_,,,31,Toulouse,Maison Des Solidarités Empalot,,31400,32 allée henri sellier,,,,,,Conseil Départemental,05 61 14 76 00,,,,,,,,,,Decembre 2019,,,ORDM,,,,ACCDA,,,,,,,,,,,,,,,,,,,43.577351,1.43808,,ORDM-ACCDA,,=31=
RH_fiche_313_,,,31,Toulouse,Centre social Jean Moulin / Empalot  (CAF),,31400,38 avenue jean moulin,,,,,,FIGO Centre social,05 34 31 94 42,,https://www.facebook.com/cs.empalot/,8h30 - 17h30,8h30 - 17h30,8h30 - 17h30,8h30 - 17h30,8h30 - 17h30,8h30 - 17h30,,Decembre 2019,TP,Libre,ORDM,,,,ACCDS,,,,SENS,,,,ORDM,ALL,,,,,,,,,,43.579108,1.441695,TP-ALL,ORDM-ACCDS-SENS-ORDM,,=31=
RH_fiche_314_,,,31,Toulouse,Mission Locale Empalot,,31400,1 place commerciale,,,,,,Mairie,,,www.mltoulouse.org,,,,,,,,Decembre 2019,,,ORDM,,,,ACCDA,,,,,,,,,,,,,,,,,,,43.613548,1.460993,,ORDM-ACCDA,,=31=
RH_fiche_315_,,,31,Toulouse,Pole emploi St Michel,,31400,2 avenue de l'urss,,,,,,Pôle Emploi,,,,,,,,,,,Decembre 2019,,,ORDM,,,,ACCDA,,,,SENS,,,,,,,,,,,,,,,43.583959,1.448217,,ORDM-ACCDA-SENS,,=31=
RH_fiche_316_,,,31,Toulouse,Pole emploi La plaine,,31400,1 impasse rene couzinet,,,,,,Pôle Emploi,,,,,,,,,,,Decembre 2019,,,ORDM,,,,ACCDA,,,,SENS,,,,,,,,,,,,,,,43.582804,1.492372,,ORDM-ACCDA-SENS,,=31=
RH_fiche_317_,,,31,Toulouse,Rangueil club de prevention,,31400,34 avenue de Rangueil,,,,,,Collectivites,,,,,,,,,,,Decembre 2019,,,ORDM,,,,ACCDA,,,,,,,,,,,,,,,,,,,43.576559,1.454654,,ORDM-ACCDA,,=31=
RH_fiche_318_,,,31,Toulouse,Centre Epide,,31400,3 avenue du professeur Joseph Ducuing ,,,,,,,05 81 60 89 89,,www.epide.fr,,,,,,,,Decembre 2019,,,ORDM,,,,COMP,,,,ACCDA,,,,SENS,,,,,,,,,,,43.504264,1.442045,,ORDM-COMP-ACCDA-SENS,,=31=
RH_fiche_319_,,,31,Toulouse,Rectorat,,31400,75 rue saint roch,,,,,,Rectorat,,,,,,,,,,,Decembre 2019,,,ORDM,,,,,,,,,,,,,,,,,,,,,,,43.578426,1.447024,,ORDM,,=31=
RH_fiche_320_,,,31,Toulouse,MJC du Pont des demoiselles,,31400,,,,,,,Association,,,,,,,,,,,Decembre 2019,,,COMP,,,,,,,,,,,,,,,,,,,,,,,43.600568,1.433106,,COMP,,=31=
RH_fiche_321_,,,31,Toulouse,Relai 2A (association Le relai),,31400,15 rue du japon,,,,,,Association,,,,,,,,,,,Decembre 2019,,,COMP,,,,ACCDA,,,,,,,,,,,,,,,,,,,43.590454,1.45837,,COMP-ACCDA,,=31=
RH_fiche_322_,,,31,Toulouse,GRETA,,31400,3 rue andré daste,,,,,,Entreprise,,,,,,,,,,,Decembre 2019,,,COMP,,,,,,,,,,,,,,,,,,,,,,,43.58155,1.439351,,COMP,,=31=
RH_fiche_323_,,,31,Toulouse,Ligue de l'enseignement,,31400,,,,,,,Association,,,,,,,,,,,Decembre 2019,,,SENS,,,,COMP,,,,,,,,,,,,,,,,,,,43.600568,1.433106,,SENS-COMP,,=31=
RH_fiche_324_,,,31,Toulouse,La main à la pate,,31400,62 rue de Nîmes,,,,,,Association,,,,,,,,,,,Decembre 2019,,,ACCDS,,,,,,,,,,,,,,,,,,,,,,,43.575318,1.465174,,ACCDS,,=31=
RH_fiche_325_,,,31,Toulouse,Generations solidaires,,31400,30 avenue jean moulin,,,,,,Association,,,,,,,,,,,Decembre 2019,,,ACCDS,,,,ACCN,,,,,,,,,,,,,,,,,,,43.580927,1.441941,,ACCDS-ACCN,,=31=
RH_fiche_326_,,,31,Toulouse,ASTRONEF,,31400,3 place des avions,,,,,,Association,05 61 52 90 70,,,,,,,,,,Decembre 2019,,,ACCDS,,,,ACCN,,,,,,,,,,,,,,,,,,,43.57692,1.459985,,ACCDS-ACCN,,=31=
RH_fiche_327_,,,31,Toulouse,ASEER,,31400,38 avenue  jean moulin,,,,,,Association,05 61 14 26 12,aseer@laposte.net,,,,,,,,,Decembre 2019,,,ACCDS,,,,,,,,,,,,,,,,,,,,,,,43.579108,1.441695,,ACCDS,,=31=
RH_fiche_328_,,,31,Toulouse,Centre annexe  Empalot,,31400,10 rue jean paul blanchard,,,,,,Conseil Départemental,05 61 14 94 20,,,,,,,,,,Decembre 2019,,,ACCDA,,,,,,,,,,,,,,,,,,,,,,,43.588288,1.447981,,ACCDA,,=31=
RH_fiche_329_,,,31,Toulouse,Maison Des Solidarités Rangueil,,31400,39 rue camille desmoullins,,,,,,Conseil Départemental,,,,,,,,,,,Decembre 2019,,,ACCDA,,,,,,,,,,,,,,,,,,,,,,,43.581596,1.453397,,ACCDA,,=31=
RH_fiche_330_,,,31,Toulouse,Maison Des Solidarités Pont des demoiselles,,31400,,,,,,,Conseil Départemental,,,,,,,,,,,Decembre 2019,,,ACCDA,,,,,,,,,,,,,,,,,,,,,,,43.600568,1.433106,,ACCDA,,=31=
RH_fiche_331_,,,31,Toulouse,AIFOMEJ ,,31400,5 impasse des hérons,,,,,,Association,05 61 53 52 34,,,,,,,,,,Decembre 2019,,,ACCN,,,,ACCDS,,,,,,,,,,,,,,,,,,,43.57568,1.437123,,ACCN-ACCDS,,=31=
RH_fiche_332_,,,31,Toulouse,Karavan,,31400,,,,,,,Association,,,,,,,,,,,Decembre 2019,,,,,,,,,,,,,,,,,,,,,,,,,,43.600568,1.433106,,,,=31=
RH_fiche_333_,,,31,Toulouse,CIDFF,,31400,95 grande rue st michel,,,,,,Association,05 34 31 23 31,cidff31@cdiff31.fr,,,,,,,,,Decembre 2019,,,,,,,,,,,,,,,,,,,,,,,,,,43.584527,1.447685,,,,=31=
RH_fiche_334_,,,31,Toulouse,Empalot Services,,31400,,,,,,,Association,,toulouse-empalot@cnlrq.org,,,,,,,,,Decembre 2019,,,,,,,,,,,,,,,,,,,,,,,,,,43.600568,1.433106,,,,=31=
RH_fiche_335_,,,31,Toulouse,Restos du coeur,,31400,286 rte de revel,,,,,,Association,09 83 98 46 19,,,,,,,,,,Decembre 2019,,,,,,,,,,,,,,,,,,,,,,,,,,43.578701,1.484354,,,,=31=
RH_fiche_336_,,,31,Toulouse,Emmaüs Agir,,31400,43 avenue  de l'URSS,,,,,,Association,,,,,,,,,,,Decembre 2019,,,,,,,,,,,,,,,,,,,,,,,,,,43.581551,1.448801,,,,=31=
RH_fiche_337_,,,31,Toulouse,Maison Des Solidarités Montaudran,,31400,,,,,,,Conseil Départemental,,,,,,,,,,,Decembre 2019,,,,,,,,,,,,,,,,,,,,,,,,,,43.600568,1.433106,,,,=31=
RH_fiche_338_,,,31,Toulouse,Mairie de quartier Pont des Demoiselles,,31400,,,,,,,Mairie,,,,,,,,,,,Decembre 2019,,,,,,,,,,,,,,,,,,,,,,,,,,43.600568,1.433106,,,,=31=
RH_fiche_339_,,,31,Toulouse,Maison de quartier rangueil/centre social,,31400,,,,,,,Mairie,,,,,,,,,,,Decembre 2019,,,,,,,,,,,,,,,,,,,,,,,,,,43.600568,1.433106,,,,=31=
RH_fiche_340_,,,31,Toulouse,Bibliotheque des ponts des demoiselles,,31400,63 bis avenue st exupery,,,,,,Mairie,,,,,,,,,,,Decembre 2019,,,,,,,,,,,,,,,,,,,,,,,,,,43.585621,1.465934,,,,=31=
RH_fiche_341_,,,31,Toulouse,Cosmopolitaine,,31400,,,,,,,Association,,contact@cosmopolitaine.org,,,,,,,,,Decembre 2019,,,,,,,,,,,,,,,,,,,,,,,,,,43.600568,1.433106,,,,=31=
RH_fiche_342_,,,31,Toulouse,CLCV ,,31400,,,,,,,,,,,,,,,,,,Decembre 2019,,,,,,,,,,,,,,,,,,,,,,,,,,43.600568,1.433106,,,,=31=
RH_fiche_343_,,,31,Toulouse,Centre social Jolimont Soupetard,,31500,Centre social Jolimont 11 avenue de l'observatoire,,,,,,FIGO Centre social,05 31 22 94 84,Jolimont.cs@mairie-toulouse.fr,,,,,9h-12h30 et 13h30-17h/16h30,9h-12h30 et 13h30-17h/16h30,,,Decembre 2019,,,ORD,,,,COMP,,,,,,,,,,,,,,,,,,,43.61352,1.462468,,ORD-COMP,,=31=
RH_fiche_344_,,,31,Toulouse,FFPE,,31500,1  rue Léon Jouhaux ,,,,,,Association,,,www.ffpe-toulouse.org,,,,,,,,Decembre 2019,,,COMP,,,,ACCDS,,,,,,,,,,,,,,,,,,,43.613273,1.460711,,COMP-ACCDS,,=31=
RH_fiche_345_,,,31,Toulouse,Mission Locale centre,,31500,24 rue Garipuy,,,,,,Association,,,,,,,,,,,Decembre 2019,J,,,,,,,,,,,,,,,,,,,,,,,,,43.611391,1.457803,J,,,=31=
RH_fiche_346_,,,31,Toulouse,Mission Locale Antenne Jolimont,,31500,,,,,,,Association,,,,,,,,,,,Decembre 2019,,,,,,,,,,,,,,,,,,,,,,,,,,43.600568,1.433106,,,,=31=
RH_fiche_347_,,,31,Toulouse,Agir et devenir,,31500,,,,,,,Association,,agiretdevenir@live.fr,,,,,,,,,Decembre 2019,,,,,,,,,,,,,,,,,,,,,,,,,,43.600568,1.433106,,,,=31=
RH_fiche_348_,,,31,Toulouse,Centre social Jean Rieux,,31500,,,,,,,Centre social,,,https://www.cpjr.fr/,,,,,,,,Decembre 2019,,,,,,,,,,,,,,,,,,,,,,,,,,43.600568,1.433106,,,,=31=
RH_fiche_349_,,,31,Toulouse,APSAR,,31500,70 chemin michoun,,,,,,Centre social,05 61 58 24 63,,,,,,,,,,Decembre 2019,,,,,,,,,,,,,,,,,,,,,,,,,,43.62656,1.468206,,,,=31=
RH_fiche_350_,,,31,Toulouse,Centre social Jolimont,,31500,11 avenue de l'observatoire,,,,,,Centre social,05 67 77 44 80,,,,,,,,,,Decembre 2019,,,,,,,,,,,,,,,,,,,,,,,,,,43.61352,1.462468,,,,=31=
RH_fiche_351_,,,31,Toulouse,Maison Des Solidarités Bonnefoy/Amouroux,,31500,3 rue du faubourg bonnefoy,,,,,,Conseil Départemental,05 34 25 51 00,,,,,,,,,,Decembre 2019,,,,,,,,,,,,,,,,,,,,,,,,,,43.616349,1.453242,,,,=31=
RH_fiche_352_,,,31,Toulouse,Centre social polyvalent Jean Rieux,,31500,157 avenue jean rieux,,,,,,FIGO Centre social,05 61 54 80 00,,www.cpjr.fr,,,,,,,,Decembre 2019,TP,Libre,COMP,,,,ACCDS,,,,,,,,,,,,,,,,,,,43.591859,1.468456,TP,COMP-ACCDS,,=31=
RH_fiche_353_,,,31,Toulouse,Centre social ASPAR,,31500,70 chemin Michoun,,,,,,FIGO Centre social,,,,,,,,,,,Decembre 2019,TP,Libre,ORDM,,,,COMP,,,,,,,,,,,,,,,,,,,43.62656,1.468206,TP,ORDM-COMP,,=31=
RH_fiche_354_,,,31,Toulouse,Centre social Jolimont Soupetard,,31500,Antenne soupetard 12 rue charles garnier,,,,,,FIGO Centre social,05 31 22 95 15,Jolimont.cs@mairie-toulouse.fr,,,9h-12h30 et 13h30-17h,9h-12h30 et 13h30-17h,,,,,Decembre 2019,,,,,,,,,,,,,,,,,,,,,,,,,,43.608485,1.477852,,,,=31=
RH_fiche_355_,,,31,Toulouse,Mediatheque Jose Cabanis,,31500,,,,,,,Mairie,,,,,,,,,,,Decembre 2019,,,,,,,,,,,,,,,,,,,,,,,,,,43.600568,1.433106,,,,=31=
RH_fiche_356_,,,31,Toulouse,Maison de la citoyenneté Est,,31500,8 bis avenue du parc,,,,,,Mairie,05 31 22 93 00,mdc.est@mairie-toulouse.fr,,,,,,,,,Decembre 2019,,,,,,,,,,,,,,,,,,,,,,,,,,43.620189,1.470204,,,,=31=
RH_fiche_357_,,,31,Toulouse,Pole Emploi Jolimont,,31500,,,,,,,Pôle Emploi,,,,,,,,,,,Decembre 2019,,,,,,,,,,,,,,,,,,,,,,,,,,43.600568,1.433106,,,,=31=
RH_fiche_358_,,,31,Toulouse,Mediathèque Serveyrolles,,31500,,,,,,,,,,,,,,,,,,Decembre 2019,,,,,,,,,,,,,,,,,,,,,,,,,,43.600568,1.433106,,,,=31=
RH_fiche_359_,,,31,Toulouse,Point Information Jeunesse Jolimont,,31500,,,,,,,,,,,,,,,,,,Decembre 2019,,,,,,,,,,,,,,,,,,,,,,,,,,43.600568,1.433106,,,,=31=
RH_fiche_360_,,,31,Toulouse,PRCP,,,2 allée du vignemale,,,,,,Association,05 61 15 43 44,prcp@wanadoo.fr,,,,,,,,,Decembre 2019,,,,,,,,,,,,,,,,,,,,,,,,,,43.60514,1.333515,,,,=31=
RH_fiche_361_,,,31,Toulouse,Apprentis d'Auteuil,,,,,,,,,Association,,,,,,,,,,,Decembre 2019,,,,,,,,,,,,,,,,,,,,,,,,,,43.600568,1.433106,,,,=31=
RH_fiche_362_,,,31,Toulouse,Ensemble à tout âge,,,,,,,,,Association,,,,,,,,,,,Decembre 2019,,,,,,,,,,,,,,,,,,,,,,,,,,43.600568,1.433106,,,,=31=
RH_fiche_363_,,,31,Toulouse,ADVITAM,,,,,,,,,Association,,,,,,,,,,,Decembre 2019,,,,,,,,,,,,,,,,,,,,,,,,,,43.600568,1.433106,,,,=31=
RH_fiche_364_,,,31,Toulouse,Association,,,,,,,,,Association,,,,,,,,,,,Decembre 2019,,,,,,,,,,,,,,,,,,,,,,,,,,43.600568,1.433106,,,,=31=
RH_fiche_365_,,,31,Toulouse,CHRS de Fages,,,,,,,,,Association,,,,,,,,,,,Decembre 2019,,,,,,,,,,,,,,,,,,,,,,,,,,43.600568,1.433106,,,,=31=
RH_fiche_366_,,,31,Toulouse,ADPAM,,,,,,,,,Association,,,,,,,,,,,Decembre 2019,,,,,,,,,,,,,,,,,,,,,,,,,,43.600568,1.433106,,,,=31=
RH_fiche_367_,,,31,Toulouse,CSF Le Cabri,,,,,,,,,Association,,associationlecabri@laposte.net,,,,,,,,,Decembre 2019,,,,,,,,,,,,,,,,,,,,,,,,,,43.600568,1.433106,,,,=31=
RH_fiche_368_,,,31,Toulouse,Bell’Arc en Ciel,,,,,,,,,Association,,bellarcenciel@wanadoo.fr ,,,,,,,,,Decembre 2019,,,,,,,,,,,,,,,,,,,,,,,,,,43.600568,1.433106,,,,=31=
RH_fiche_369_,,,31,Toulouse,APSAR,,,,,,,,,Association,05 61 58 24 63,,,,,,,,,,Decembre 2019,,,,,,,,,,,,,,,,,,,,,,,,,,43.600568,1.433106,,,,=31=
RH_fiche_370_,,,31,Toulouse,A.I.R.S,,,,,,,,,Association,09 71 30 75 86,,,,,,,,,,Decembre 2019,,,,,,,,,,,,,,,,,,,,,,,,,,43.600568,1.433106,,,,=31=
RH_fiche_371_,,,31,Toulouse,Tisseo ?,,,,,,,,,Entreprise,,,,,,,,,,,Decembre 2019,,,,,,,,,,,,,,,,,,,,,,,,,,43.600568,1.433106,,,,=31=
RH_fiche_372_,,,31,Toulouse,Accueil Amouroux,,,,,,,,,Mairie,,accueil.amouroux@mairie-toulouse.fr ,,,,,,,,,Decembre 2019,,,,,,,,,,,,,,,,,,,,,,,,,,43.600568,1.433106,,,,=31=
RH_fiche_373_,,,31,Toulouse,Accueil Soupetard,,,,,,,,,Mairie,,Accueil.SOUPETARD@mairie-toulouse.fr,,,,,,,,,Decembre 2019,,,,,,,,,,,,,,,,,,,,,,,,,,43.600568,1.433106,,,,=31=
RH_fiche_374_,,,31,Toulouse,Maison de la citoyenneté Est,,,,,,,,,Mairie,,Mdc.Est@mairie-toulouse.fr,,,,,,,,,Decembre 2019,,,,,,,,,,,,,,,,,,,,,,,,,,43.600568,1.433106,,,,=31=
RH_fiche_375_,,,31,Toulouse,Maison de la citoyenneté Nord,,,,,,,,,Mairie,,mdc.nord@mairie-toulouse.fr,,,,,,,,,Decembre 2019,,,,,,,,,,,,,,,,,,,,,,,,,,43.600568,1.433106,,,,=31=
RH_fiche_376_,,,31,Toulouse,Maison de la citoyenneté Rive Gauche,,,,,,,,,Mairie,,mdc.rive-gauche@mairie-toulouse.fr,,,,,,,,,Decembre 2019,,,,,,,,,,,,,,,,,,,,,,,,,,43.600568,1.433106,,,,=31=
RH_fiche_377_,,,31,Toulouse,Maison de la citoyenneté Sud Est,,,,,,,,,Mairie,,mdc.sud-est@mairie-toulouse.fr,,,,,,,,,Decembre 2019,,,,,,,,,,,,,,,,,,,,,,,,,,43.600568,1.433106,,,,=31=
RH_fiche_378_,,,31,Toulouse,Point Information Mairie Serveyrolles,,,,,,,,,Mairie,05 61 22 22 39 ,,,,,,,,,,Decembre 2019,,,,,,,,,,,,,,,,,,,,,,,,,,43.600568,1.433106,,,,=31=
RH_fiche_379_,,,31,Toulouse,Association Lieu Ressource Formation (LRF),,,,,,,,,,,,,,,,,,,,Decembre 2019,,,,,,,,,,,,,,,,,,,,,,,,,,43.600568,1.433106,,,,=31=
RH_fiche_380_,,,31,Toulouse,Planning Familial,,,,,,,,,,,,,,,,,,,,Decembre 2019,,,,,,,,,,,,,,,,,,,,,,,,,,43.600568,1.433106,,,,=31=
RH_fiche_381_,,,31,Toulouse,Club de Prévention ASETE,,,,,,,,,Collectivites,,,,,,,,,,,Decembre 2019,,,,,,,,,,,,,,,,,,,,,,,,,,43.600568,1.433106,,,,=31=
RH_fiche_382_,,,31,Toulouse,Bibliothèque Roseraie,,,,,,,,,,,,,,,,,,,,Decembre 2019,,,,,,,,,,,,,,,,,,,,,,,,,,43.600568,1.433106,,,,=31=
RH_fiche_383_,,,31,Toulouse,NB Com',,,,,,,,,,,,,,,,,,,,Decembre 2019,,,,,,,,,,,,,,,,,,,,,,,,,,43.600568,1.433106,,,,=31=
RH_fiche_384_,,,31,Toulouse,CRIJ,,,,,,,,,Collectivites,,,,,,,,,,,Decembre 2019,,,,,,,,,,,,,,,,,,,,,,,,,,43.600568,1.433106,,,,=31=
RH_fiche_385_,,,31,Toulouse,SAVIM,,,,,4332049,0 37906,,,,,,,,,,,,,,Decembre 2019,,,,,,,,,,,,,,,,,,,,,,,,,,43.600568,1.433106,,,,=31=
RH_fiche_386_,,,31,Toulouse,ASETE,,,,,,,,,,,,,,,,,,,,Decembre 2019,,,,,,,,,,,,,,,,,,,,,,,,,,43.600568,1.433106,,,,=31=
RH_fiche_387_,,,31,Toulouse,Mairie annexe Roseraie,,,,,,,,,,05 31 22 93 10,,,,,,,,,,Decembre 2019,,,,,,,,,,,,,,,,,,,,,,,,,,43.600568,1.433106,,,,=31=
RH_fiche_388_,,,31,Toulouse,Mairie annexe Bonnefoy,,,,,,,,,,05 61 22 22 32,,,,,,,,,,Decembre 2019,,,,,,,,,,,,,,,,,,,,,,,,,,43.600568,1.433106,,,,=31=
RH_fiche_389_,,,31,Toulouse,Cap Nomade,,,,,,,,,Association,     06 01 99 36 23 ou 09 50 94 58 16,capnomade@gmail.com,http://www.capnomade.org/formations/,,,,,,,,Decembre 2019,,,SENS,J,,,,,,,,,,,,,,,,,,,,,,43.600568,1.433106,J,SENS,,=31=
RH_fiche_390_,,,31,TOULOUSE,ESPACE PUBLIC NUMERIQUE DE RANGUEIL / EMPALOT,,31400,115  rue Bonnat,,,,PRV. ASSOCIATION,AVENIR - NOUVELLE MAISON DES CHOMEURS,,05.82.95.16.70,avenir.toulouse@wanadoo.fr,,,,,,,,,,,,,,,,,,,,,,,,,,,,,,,,TL,,,43.581165,1.45768,,,,=31=
RH_fiche_391_,,,31,TOULOUSE,FA SOL MI,,31200,1  rue Van Dyck,,,,PRV. ASSOCIATION,LA FABRIQUE SOLIDAIRE DES MINIMES,,05 67 00 66 73 - 06 26 92 28 59,direction@lafabriquesolidaire.org,,,,,,,,,,,,,,,,,,,,,,,,,,,,,,,,TL,,,43.640711,1.439456,,,,=31=
RH_fiche_392_,,,31,TOULOUSE,LA CANTINE QUAI DES SAVOIRS,,31000,39 Allées Jules Guesdes,,,,PRV. ASSOCIATION,LA MELEE,,06 07 05 19 70,p.cointepas@lamelee.com,,,,,,,,,,,,,,,,,,,,,,,,,,,,,,,,TL,,,43.594758,1.450562,,,,=31=
RH_fiche_393_,,,31,TOULOUSE,NOVA MELEE AUBUISSON,,31000,27 Rue d’Aubuisson,,,,PRV. ASSOCIATION,LA MELEE,,06 07 05 19 70,p.cointepas@lamelee.com,,,,,,,,,,,,,,,,,,,,,,,,,,,,,,,,TL,,,43.602743,1.454135,,,,=31=
RH_fiche_394_,,,31,TOULOUSE,EMERGENCE PLUS - DYNAMIQUE TOULOUSE NORD,,31200,2 rue Ernest Renan,,,,PRV. ASSOCIATION,EMERGENCE PLUS,,05 34 51 63 70,contact@emergence-plus.com,,,,,,,,,,,,,,,,,,,,,,,,,,,,,,,,TL,,,43.628251,1.445023,,,,=31=
RH_fiche_395_,,,31,TOULOUSE,ARTILECT,,31300,27 bis allée Maurice Sarraut,,4338676,0 054881,PRV. ASSOCIATION,ASSOCIATION ARTILECT,,,nicolas.lassabe@artilect.fr,,,,,,,,,,,,,,,,,,,,,,,,,,,,,,,,TL,,,43.594006,1.421281,,,,=31=
RH_fiche_396_,,,31,TOULOUSE,FABLAB LE PROPULSEUR,,31400,39 Allées Jules Guesde,,,,PRV. ASSOCIATION,ASSOCIATION SCIENCES ANIMATION,,,johan.langot@science-animation.org,,,,,,,,,,,,,,,,,,,,,,,,,,,,,,,,TL,,,43.594758,1.450562,,,,=31=
RH_fiche_397_,,,31,TOULOUSE,ETINCELLE COWORKING TOULOUSE,,31300,2  rue d'Austerlitz,,4375719,0 301926,PRV. SARL,SARL ETINCELLE TOULOUSE,,05 64 88 01 30 - 06 25 02 44 11,sebastien@etincelle-coworking.com,,,,,,,,,,,,,,,,,,,,,,,,,,,,,,,,TL,,,43.605541,1.447462,,,,=31=
RH_fiche_398_,,,31,TOULOUSE,Ô LOCAL,,31500,8  impasse Bonnet,,438682,1500555,PRV. SAS,NOFOMO,,09 52 91 10 10 - 06 49 88 39 79,contact@olocal.fr,,,,,,,,,,,,,,,,,,,,,,,,,,,,,,,,TL,,,43.5995,1.457111,,,,=31=
RH_fiche_399_,,,31,TOULOUSE,HARRYCOW,,31000,13 rue Sainte Ursule,,,,PRV. SAS,HARRYCOW,,06 75 43 56 69,harry.coworking@gmail.com,,,,,,,,,,,,,,,,,,,,,,,,,,,,,,,,TL,,,43.602222,1.442131,,,,=31=
RH_fiche_400_,,,31,TOULOUSE,TL LES IMAGINATIONS FERTILES,,31300,27 bis Allées Maurice Sarraut,,,,PRV. SCIC,LES IMAGINATIONS FERTILES,,06 75 55 72 08,a.gaigneux@imaginationsfertiles.fr,,,,,,,,,,,,,,,,,,,,,,,,,,,,,,,,TL,,,43.594006,1.421281,,,,=31=
RH_fiche_401_,,,31,Tournefeuille,Mediatheque Tournefeuille,,31170,3 impasse Max Baylac,,,,,,Mairie,05 62 13 21 78,ecm@mairie-tournefeuille.fr,http://www.mairie-tournefeuille.fr/,,,,,,,,Decembre 2019,,,,,,,,,,,,,,,,,,,,,,,,,,43.582698,1.347727,,,,=31=
RH_fiche_402_,,,31,Tournefeuille,AGEAH - Maison des Associations Tournefeuille,,,,,,,,,,,,,,,,,,,,Decembre 2019,,,,,,,,,,,,,,,,,,,,,,,,,,43.575044,1.33373,,,,=31=
RH_fiche_403_,,,65,TRIE SUR BAISE,Coteaux,PETR des coteaux,65220,31 Place de la Mairie,,,,,,Collectivité,,pointpublic.coteaux@orange.fr,,9:00 - 12:30 / 13:30 - 17:00,9:00 - 12:30 / 13:30 - 17:00,9:00 - 12:30 / 13:30 - 17:00,9:00 - 12:30 / 13:30 - 17:00,9:00 - 12:30 / 13:30 - 17:00,-,,Janvier 2020,,,,,,,,,,,,,,,,,,,,,,,MFS,,,43.320486,0.370906,,,,=65=
RH_fiche_404_,,,65,Trie sur baïse,EPI de Trie sur Baïse,,65220,,,,,,,,,epi.trie@wanadoo.fr,,,,,,,,,Decembre 2019,,,,,,,,,,,,,,,,,,,,,,,,,,43.313239,0.36045,,,,=65=
RH_fiche_405_,,,30,UZES,LE 21,,30700,,,,,PRV. ASSOCIATION,,,04 66 03 00 00,contact@le21-asso.fr,,,,,,,,,,,,,,,,,,,,,,,,,,,,,,,,TL,,,44.020154,4.416815,,,,=30=
RH_fiche_406_,,,12,VABRES L ABBAYE,TL L'OUSTALOU A VABRES ABBAYE,,12400,21 Avenue du Pont Vieux,,,,PUB. EPCI,CC DU SAINT AFFRICAIN,,05 65 99 49 56,e.condamines@cc-saintaffricain.fr,,,,,,,,,,,,,,,,,,,,,,,,,,,,,,,,TL,,,43.944413,2.83474,,,,=12=
RH_fiche_407_,,,30,VAL D'AIGOUAL,LA FILATURE DU MAZEL,,30570,,,,,PRV. ASSOCIATION,,,06 32 59 68 85,lafilaturedumazel@gmail.com,,,,,,,,,,,,,,,,,,,,,,,,,,,,,,,,TL,,,44.08294,3.62284,,,,=30=
RH_fiche_408_,,,82,VALENCE D'AGEN,FABLAB 2 RIVES,,82400,29 avenue Jean Baylet,,,,PRV. ASSOCIATION,ASSOCIATION CORFI DES 2 RIVES,,,avaleye@mefi-2rives.fr,,,,,,,,,,,,,,,,,,,,,,,,,,,,,,,,TL,,,44.108659,0.894895,,,,=82=
RH_fiche_409_,,,82,Valence d'Agen,FABLAB LAB.2R,,82400,,,,,PRV. ASSOCIATION,CENTRE D'ORGANISATION ET RESSOURCES POUR LA FORMATION ET INTERNET,,04 67 57 04 50 -06 03 53 73 27,corfi-2rives@wanadoo.fr,,,,,,,,,,,,,,,,,,,,,,,,,,,,,,,,TL,,,44.115046,0.890523,,,,=82=
RH_fiche_410_,,,31,Venerque,Service Jeunesse Léo Lagrange Venerque,,31810,14  avenue du Mont Frouzi,,,,,,Mairie,,,https://www.facebook.com/Service-Jeunesse-CCLAG-177831365607843/,,,,,,,,Decembre 2019,,,COMP,TP,Libre,,,,,,,,,,,,,,,,,,,,,43.433458,1.445644,TP,COMP,,=31=
RH_fiche_411_,,,48,VENTALON EN CEVENNES,TIERS LIEU DE L'ESPINAS,,48160,Route des Crêtes,,,,PRV. ASSOCIATION,ASSOCIATION EPI DE MAINS,,07 83 66 32 35,epidemains@yahoo.fr,,,,,,,,,,,,,,,,,,,,,,,,,,,,,,,,TL,,,44.310656,3.880533,,,,=48=
RH_fiche_412_,,,65,Vic en bigorre,Maison des Jeunes et de la Culture,,65500,17 Rue Barère de Vieuzac,,,,,,FIGO Centre social,05 62 31 61 00 / 06 52 96 20 05,,www.mjcvic.fr,,,,,,,,Decembre 2019,TP,Libre,ORD,,,,,,,,,,,,,,,,,,,,,,,43.384458,0.05662,TP,ORD,,=65=
RH_fiche_413_,,,65,VIC EN BIGORRE,Vic-en-Bigorre,CC Adour Madiran,65500,21 Place du Corps Franc Pommies,,,,,,Collectivité,,,,8:30 - 12:30,8:30 - 12:30 / 14:00 - 18:00,8:30 - 12:30 / 14:00 - 18:00,8:30 - 12:30 / 14:00 - 18:00,8:30 - 12:30 / 14:00 - 17:00,-,,Janvier 2020,,,,,,,,,,,,,,,,,,,,,,,MFS,,,43.38676,0.054881,,,,=65=
RH_fiche_414_,,,32,Vic Fezensac,Vic Accueil,,32190,13 Rue Jean Jaurès,,,,,,FIGO Centre social,,,http://www.vic-accueil.fr,,,,,,,,Decembre 2019,,,SENS,,,,,,,,,,,,,,,,,,,,,,,43.758181,0.306182,,SENS,,=32=
RH_fiche_415_,,,32,VIC FEZENSAC,Artagnan en Fezensac,Communauté de Communes Artagnan en Fezensac,32190,18 Rue des Cordeliers,,,,,,Collectivité,,ccommunes.dartagnan.fezensac@wanadoo.fr,,9:30 - 16:30,9:30 - 16:30,9:30 - 16:30,9:30 - 16:30,9:30 - 16:30,-,,Janvier 2020,,,,,,,,,,,,,,,,,,,,,,,MFS,,,43.757189,0.301926,,,,=32=
RH_fiche_416_,,,31,VILLEMUR SUR TARN,Val Aïgo - Villemur-sur-Tarn,Communauté de communes Val'Aïgo,31340,2 avenue Saint Exupéry,,,,,,Collectivité,,cias@valaigo.fr,,8:30 - 12:30 / 13:30 - 17:00,8:30 - 12:30 / Sur RDV : après-midi,8:30 - 12:30 / 13:30 - 17:00,8:30 - 12:30 / 13:30 - 17:00,8:30 - 12:30 / 13:30 - 16:30,-,,Janvier 2020,,,,,,,,,,,,,,,,,,,,,,,MFS,,,43.86082,1.500555,,,,=31=
RH_fiche_417_,,,31,,Association Diapason,,31100,,,,,,,,,,,,,,,,,,Decembre 2019,,,,,,,,,,,,,,,,,,,,,,,,,,43.588608,1.421331,,,,=31=
RH_fiche_418_,,,31,,Foyer Jeune Travailleur Jolimont,,31500,,,,,,,,05 34 30 42 80 ,,,,,,,,,,Decembre 2019,,,,,,,,,,,,,,,,,,,,,,,,,,43.600568,1.433106,,,,=31=
RH_fiche_419_,,,31,,Adens,,,,,,,,,Entreprise,,,http://adens.org/qui-sommes-nous/,,,,,,,,Decembre 2019,,,,,,,,,,,,,,,,,,,,,,,,,,,,,,,=31=
RH_fiche_420_,,,31,,Point info famille,,,,,,,,,,,,,,,,,,,,Decembre 2019,,,,,,,,,,,,,,,,,,,,,,,,,,,,,,,=31=
RH_fiche_421_,,,31,,DigiJeunes,,,,,,,,,,,,,,,,,,,,Decembre 2019,,,,,,,,,,,,,,,,,,,,,,,,,,,,,,,=31=
RH_fiche_422_,,,31,,centre culturel des chamois,,,,,,,,,Centre social,,accueil.chamois@mairie-toulouse.fr,,,,,,,,,Decembre 2019,,,,,,,,,,,,,,,,,,,,,,,,,,,,,,,=31=
RH_fiche_423_,,,31,,TO7,,,,,,,,,Association,,to7@to7.org,,,,,,,,,Decembre 2019,,,,,,,,,,,,,,,,,,,,,,,,,,,,,,,=31=
RH_fiche_424_,,,31,,Pavillon Sauvages,,,,,,,,,,,,,,,,,,,,Decembre 2019,,,,,,,,,,,,,,,,,,,,,,,,,,,,,,,=31=
RH_fiche_425_,,,11,,Event Orizon,,,,,,,,,,,,,,,,,,,,Decembre 2019,,,,,,,,,,,,,,,,,,,,,,,,,,,,,,,=11=
RH_fiche_426_,,,11,,Tiers-lieu « l’oppidum »,,,,,,,,,,, epops-biodiversite@laposte.net,,,,,,,,,Decembre 2019,,,,,,,,,,,,,,,,,,,,,,,,,,,,,,,=11=
RH_fiche_427_,,,11,,MEDIATHEQUE GRAIN D’SEL,,,,,,,,,,,mediatheque@caracassonne-agglo.fr,,,,,,,,,Decembre 2019,,,,,,,,,,,,,,,,,,,,,,,,,,,,,,,=11=
RH_fiche_428_,,,11,,Maison de Services au Public de Chalabre,,,,,,,,,MSAP,,msap.chalabre@laposte.fr,,,,,,,,,Decembre 2019,,,,,,,,,,,,,,,,,,,,,,,,,,,,,,,=11=
RH_fiche_429_,,,11,,Maison de Services au Public d’Axat,,,,,,,,,MSAP,,msap.axat@laposte.fr,,,,,,,,,Decembre 2019,,,,,,,,,,,,,,,,,,,,,,,,,,,,,,,=11=
RH_fiche_430_,,,11,,Maison de Services au Public de Belcaire,,,,,,,,,MSAP,,msap.belcaire@laposte.fr,,,,,,,,,Decembre 2019,,,,,,,,,,,,,,,,,,,,,,,,,,,,,,,=11=
RH_fiche_431_,,,11,,Maison de Services au Public de Belvèze-du-Razès,,,,,,,,,MSAP,,msap.belveze-du-razes@laposte.fr,,,,,,,,,Decembre 2019,,,,,,,,,,,,,,,,,,,,,,,,,,,,,,,=11=
RH_fiche_432_,,,11,,Maison de Services au Public de Couiza,,,,,,,,,MSAP,,msap.couiza@laposte.fr,,,,,,,,,Decembre 2019,,,,,,,,,,,,,,,,,,,,,,,,,,,,,,,=11=
RH_fiche_433_,,,11,,Maison de Services au Public de Villasavary,,,,,,,,,MSAP,,mairie-de-villasavary@wanadoo.fr,,,,,,,,,Decembre 2019,,,,,,,,,,,,,,,,,,,,,,,,,,,,,,,=11=
RH_fiche_434_,,,11,,Maison des Potes,,,,,,,,,,,mdpnarbonne11@gmail.com,,,,,,,,,Decembre 2019,,,,,,,,,,,,,,,,,,,,,,,,,,,,,,,=11=
RH_fiche_435_,,,11,,L'Arche,,,,,,,,,,,arche.narbonne@gmail.com,,,,,,,,,Decembre 2019,,,,,,,,,,,,,,,,,,,,,,,,,,,,,,,=11=
RH_fiche_436_,,,11,,Centre Social et Culturel NELSON MANDELA,,,,,,,,,Centre social,,centresocialnarbonne@gmail.com,,,,,,,,,Decembre 2019,,,,,,,,,,,,,,,,,,,,,,,,,,,,,,,=11=
RH_fiche_437_,,,11,,EPN Ecole de la seconde chance,,,,,,,,,,,,,,,,,,,,Decembre 2019,,,,,,,,,,,,,,,,,,,,,,,,,,,,,,,=11=
RH_fiche_438_,,,11,,MAISON DIGITALE DU CIDFF,,,,,,,,,,,lri.narbonne@cidff.fr,,,,,,,,,Decembre 2019,,,,,,,,,,,,,,,,,,,,,,,,,,,,,,,=11=
RH_fiche_439_,,,11,,LA BULLE DU WEB (WAW-coworking)),,,,,,,,,,,hello@labulleweb.com,,,,,,,,,Decembre 2019,,,,,,,,,,,,,,,,,,,,,,,,,,,,,,,=11=
RH_fiche_440_,,,11,,INESS GRAND NARBONNE,,,,,,,,,Collectivites,,service.accueil-iness@legrandnarbonne.com,,,,,,,,,Decembre 2019,,,,,,,,,,,,,,,,,,,,,,,,,,,,,,,=11=
RH_fiche_441_,,,11,,Ecole de la 2ème Chance Régionale ,,,,,,,,,,,er2c@ligue11.org,,,,,,,,,Decembre 2019,,,,,,,,,,,,,,,,,,,,,,,,,,,,,,,=11=
RH_fiche_442_,,,11,,Maison de services au public Caunes-Minervois ,,,,,,,,,MSAP,,msap.caunes-minervois@laposte.fr,,,,,,,,,Decembre 2019,,,,,,,,,,,,,,,,,,,,,,,,,,,,,,,=11=
RH_fiche_443_,,,11,,Maison de services au public Durban-Corbières,,,,,,,,,MSAP,,msap.durban-corbieres@laposte.fr,,,,,,,,,Decembre 2019,,,,,,,,,,,,,,,,,,,,,,,,,,,,,,,=11=
RH_fiche_444_,,,11,,Office de Tourisme Intercommunal au Cœur des Collines Cathares,,,,,,,,,Collectivites,,tourisme@ccplm.fr ,,,,,,,,,Decembre 2019,,,,,,,,,,,,,,,,,,,,,,,,,,,,,,,=11=
RH_fiche_445_,,,11,,Médiathèque Municipale de Palaja,,,,,,,,,,,,,,,,,,,,Decembre 2019,,,,,,,,,,,,,,,,,,,,,,,,,,,,,,,=11=
RH_fiche_446_,,,11,,Médiathèque d'Alzonne,,,,,,,,,,,mediatheque@carcassonne-agglo.fr,,,,,,,,,Decembre 2019,,,,,,,,,,,,,,,,,,,,,,,,,,,,,,,=11=
RH_fiche_447_,,,11,,Maison de services au public - Piemont d'Alaric,,,,,,,,,MSAP,,msap@piemont-alaric.fr,,,,,,,,,Decembre 2019,,,,,,,,,,,,,,,,,,,,,,,,,,,,,,,=11=
RH_fiche_448_,,,11,,Le Chai : Espace culturel,,,,,,,,,,,lechai@piemont-alaric.fr,,,,,,,,,Decembre 2019,,,,,,,,,,,,,,,,,,,,,,,,,,,,,,,=11=
RH_fiche_449_,,,11,,Mairie d'Axat,,,,,,,,,,,mairie.axat@axat.fr,,,,,,,,,Decembre 2019,,,,,,,,,,,,,,,,,,,,,,,,,,,,,,,=11=
RH_fiche_450_,,,11,,Mairie d'Axat,,,,,,,,,,,communication@axat.fr,,,,,,,,,Decembre 2019,,,,,,,,,,,,,,,,,,,,,,,,,,,,,,,=11=
RH_fiche_451_,,,11,,Médiathèque du Pays de Sault,,,,,,,,,,,media.espezel@gmail.com,,,,,,,,,Decembre 2019,,,,,,,,,,,,,,,,,,,,,,,,,,,,,,,=11=
RH_fiche_452_,,,11,,Bibliothèque Municipale de Chalabre,,,,,,,,,,,epn@pyreneesaudoises.fr,,,,,,,,,Decembre 2019,,,,,,,,,,,,,,,,,,,,,,,,,,,,,,,=11=
RH_fiche_453_,,,11,,Médiathèque d'Espéraza,,,,,,,,,,,bibliotheque_esperaza@Yahoo.fr,,,,,,,,,Decembre 2019,,,,,,,,,,,,,,,,,,,,,,,,,,,,,,,=11=
RH_fiche_454_,,,11,,Maison de services au public POM'S de Villerouge-Termenès,,,,,,,,,MSAP,,poms.villerouge@orange.fr,,,,,,,,,Decembre 2019,,,,,,,,,,,,,,,,,,,,,,,,,,,,,,,=11=
RH_fiche_455_,,,11,,Maison de services au public Tuchan,,,,,,,,,MSAP,,msap.tuchan@laposte.fr,,,,,,,,,Decembre 2019,,,,,,,,,,,,,,,,,,,,,,,,,,,,,,,=11=
RH_fiche_456_,,,11,,Médiathèque de Trèbes,,,,,,,,,,,bibliotheque-trebes@wanadoo.fr,,,,,,,,,Decembre 2019,,,,,,,,,,,,,,,,,,,,,,,,,,,,,,,=11=
RH_fiche_457_,,,11,,Médiathèque de Saint-Laurent de la Cabrerisse,,,,,,,,,,,mediathequeslc11@orange.fr,,,,,,,,,Decembre 2019,,,,,,,,,,,,,,,,,,,,,,,,,,,,,,,=11=
RH_fiche_458_,,,11,,Médiathèque Milcom de Saint-André de Roquelongue,,,,,,,,,,,mediatheque-st-andre@wanadoo.fr,,,15h-19h,,9h-12h et 17h-19h,,9h-12h,,Decembre 2019,,,,,,,,,,,,,,,,,,,,,,,,,,,,,,,=11=
RH_fiche_459_,,,11,,Espace Public Numérique de la MLIDR11 Limoux,,,,,,,,,,,mli.dr11@wanadoo.fr,,,,,,,,,Decembre 2019,,,,,,,,,,,,,,,,,,,,,,,,,,,,,,,=11=
RH_fiche_460_,,,11,,Maison de services au public POM'S Laroque de Fa,,,,,,,,,MSAP,,poms.laroquedefa@orange.fr,,,,,,,,,Decembre 2019,,,,,,,,,,,,,,,,,,,,,,,,,,,,,,,=11=
RH_fiche_461_,,,11,,Maison de services au public POM'S de Lanet,,,,,,,,,MSAP,,poms.lanet@orange.fr,,,,,,,,,Decembre 2019,,,,,,,,,,,,,,,,,,,,,,,,,,,,,,,=11=
RH_fiche_462_,,,11,,ADHCo Centre Social,,,,,,,,,Centre social,,adhco.developpement@orange.fr,,,,,,,,,Decembre 2019,,,,,,,,,,,,,,,,,,,,,,,,,,,,,,,=11=
RH_fiche_463_,,,11,,Maison de services au public POM'S de Mouthoumet,,,,,,,,,MSAP,,poms.mouthoumet@orange.fr,,,,,,,,,Decembre 2019,,,,,,,,,,,,,,,,,,,,,,,,,,,,,,,=11=
RH_fiche_464_,,,11,,Maison de services au public POM'S de Félines-Termenès,,,,,,,,,MSAP,,poms.felines@orange.fr,,,,,,,,,Decembre 2019,,,,,,,,,,,,,,,,,,,,,,,,,,,,,,,=11=
RH_fiche_465_,,,11,,Maison de services au public POM'S de Davejean,,,,,,,,,MSAP,,poms.davejean@orange.fr,,,,,,,,,Decembre 2019,,,,,,,,,,,,,,,,,,,,,,,,,,,,,,,=11=
RH_fiche_466_,,,11,,Mission Locale Ouest Audois,,,,,,,,,,,accueil.castelnaudary@mloa.fr,,,,,,,,,Decembre 2019,,,,,,,,,,,,,,,,,,,,,,,,,,,,,,,=11=
RH_fiche_467_,,,11,,Médiathèque Georges Canguilhem,,,,,,,,,,,mediatheques@cccla.fr ,,,,,,,,,Decembre 2019,,,,,,,,,,,,,,,,,,,,,,,,,,,,,,,=11=
RH_fiche_468_,,,11,,Espace de co-oworking : L'Alpha'[R],,,,,,,,,,,rmine@carcassonne-agglo.fr,,,,,,,,,Decembre 2019,,,,,,,,,,,,,,,,,,,,,,,,,,,,,,,=11=
RH_fiche_469_,,,11,,Ateliers Canopé,,,,,,,,,,,contact.atelier11@reseau-canope.fr,,,,,,,,,Decembre 2019,,,,,,,,,,,,,,,,,,,,,,,,,,,,,,,=11=
RH_fiche_470_,,,11,,Maison de services au public POM's de Bouisse,,,,,,,,,MSAP,,poms.bouisse@orange.fr,,,,,,,,,Decembre 2019,,,,,,,,,,,,,,,,,,,,,,,,,,,,,,,=11=
RH_fiche_471_,,,11,,Mediatheque Milcom de Boutenac,,,,,,,,,Collectivités,,,,,14h-18h,14h-18h,,14h-18h,,,Decembre 2019,,,,,,,,,,,,,,,,,,,,,,,,,,,,,,,=11=
RH_fiche_472_,,,32,,Cultures portes de gascogne,,,,,,,,,Association,,,,,,,,,,,Decembre 2019,,,,,,,,,,,,,,,,,,,,,,,,,,,,,,,=32=
RH_fiche_473_,,,32,,Kopané,,,,,,,,,,,,,,,,,,,,Decembre 2019,,,,,,,,,,,,,,,,,,,,,,,,,,,,,,,=32=
RH_fiche_474_,,,32,,Accueil jeunes de Gimont,,,,,,,,,,,,,,,,,,,,Decembre 2019,,,,,,,,,,,,,,,,,,,,,,,,,,,,,,,=32=
RH_fiche_475_,,,,,, Gestion : CCAS de Fleurance,,,,,,,,,,,,,,,,,,,Janvier 2020,,,,,,,,,,,,,,,,,,,,,,,MFS,,,,,,,,==
RH_fiche_476_,,,,,, Gestion : CCAS de Lectoure,,,,,,,,,,,,,,,,,,,Janvier 2020,,,,,,,,,,,,,,,,,,,,,,,MFS,,,,,,,,==
RH_fiche_477_,,,31 ?,,ASSOCIATION SCIENCE ANIMATION,,,,,,,,ASSOCIATION SCIENCES ANIMATION,,,,,,,,,,,,,,,,,,,,,,,,,,,,,,,,,,,TL,,,,,,,,=31 ?=