rh_id,n_ref,statut_infos,departement,ville,code_commune,nom,structure_porteuse,code_postal,adresse,adresse_suite,geo_lat,geo_lon,nature_juridique,type_lieu,rattachement,tel_structure,email_structure,site_internet
RH_fiche_1_,,,11,Alzonne,,FEP Médiathèque,,11170,,,,,,,,,fep.alzonne@wanadoo.fr,
RH_fiche_2_,,,65,Ancizan,,Centre culturel d'Ancizan,,65440,,,4336867,1 445 539,,,,,centreculturel-ancizan@wanadoo.fr,
RH_fiche_3_,,,65,Ancizan,,Centre Culturel,,65440,10 rue de l'Arbizon,,,,,,,05 62 39 92 29,commune.ancizan@orange.fr,
RH_fiche_4_,,,31,Arbas,,Bibliothèque municipale,,31160,,,,,,,,,,
RH_fiche_5_,,,65,Argeles Gazost,,SARAPP,,65400,,,4306833,151 224,,,,,65sararg@ac-toulouse.fr,
RH_fiche_6_,,,65,Argeles Gazost,,Restos du Cœur,,65400,2 rue de l'Arrieulat,,,,Association,,,,,
RH_fiche_7_,,,65,Argeles Gazost,,Maison Départementale de Solidarité,,65400,1 chemin de l'herbe,,,,,,,05 31 74 37 10,,
RH_fiche_8_,,,65,Argeles Gazost,,Médiathèque Municipale,,65400,1 rue Jean Bourdette,,,,,,,05 62 97 10 59,bibliotheque@mairie-argeles-gazost.com,
RH_fiche_9_,,,65,Arreau,,Arreau,La Poste,65240,4 rue Saint-Exupéry,,,,,,La Poste,,,
RH_fiche_10_,,,65,Arreau,,MSAP/Bureau de Poste,,65240,4 rue St Exupère,,,,,,,05 62 40 70 54,,
RH_fiche_11_,,,65,Arreau,,Restos du Cœur,,65240,17 grande rue,,,,Association,,,,,
RH_fiche_12_,,,65,Arreau,,médiathèque,,65240,Chateaux des Nestes,,,,,,,05 62 98 66 94,,
RH_fiche_13_,,,65,Aspin en Lavedan,,médiathèque de Batsurguère,,65100,3 rue de la Ribère,,,,,,,05 62 94 79 36 / 06 43 15 36 22,asso-escb@orange.fr,
RH_fiche_14_,,,32,Auch,,Coopérative réemploi,,32000,,,,,,,,,,
RH_fiche_15_,,,32,Auch,,Garros Services,,32000,,,,,,,,,auch@cnlrq.org,
RH_fiche_16_,,,32,Auch,,Promeneurs du net,,32000,,,,,,,,,,
RH_fiche_17_,,,32,Auch,,INNOPARC - TIERS LIEUX - MON ESPACE SOHO SOLO,,32000,Place Jean David,,,,PRV. ASSOCIATION,GERS DEVELOPPEMENT - SOHO SOLO,,06 33 88 58 76,f.bedoussac@gersdeveloppement.fr,
RH_fiche_18_,,,32,Auch,,INNOPARC - FABLAB AUCH GERS,,32000,6 Rue Roland Salengro,,,,PRV. ASSOCIATION,GERS DEVELOPPEMENT,,,a.fievet@gersdeveloppement.fr,
RH_fiche_19_,,,32,Auch,,AG2i,,32000,12 quai des marronniers,,,,,,,,,
RH_fiche_20_,,,65,Aureilhan,,bibliothèque Jules Laforgue,,65800,24  avenue Jean Jaurès,,,,,,,05 62 38 91 65,,
RH_fiche_21_,,,31,Auterive,,Le foyer Auterive,,31190,1  place du Maréchal Leclerc,,,,,Centre social,FIGO Centre social,,,centresocialauterive.fr
RH_fiche_22_,,,31,Auterive,,Communauté de commune bas armagnac,,31190,,,,,Collectivités,,Collectivités,05 61 50 99 00,info@cc-basarmagnac.fr,
RH_fiche_23_,,,31,Auterive,,Médiathèque municipale,,31190,780 Route d'Espagne,,,,,,,05 82 95 45 75,direction.mediatheque@auterive-ville.fr mediatheque@auterive-ville.fr,
RH_fiche_24_,,,31,Auterive,,Communauté de communes de bassin auterivain,,31190,ZI Robert Lavigne  RD 820,,4324158,2 118 852,Collectivités,,Collectivités,05 61 50 99 00,,http://annuaire.auterive31.fr/front/index.php?membre=1687
RH_fiche_25_,,,31,Auterive,,Maison France Service Auterive - CC Bassin Auterivain,Communauté de communes,31190,Rd 820 ZI Robert Lavigne,,,,,,Collectivité,,guichetunique@ccba31.fr,
RH_fiche_26_,,,31,Auterive,,TL ESPACE FIRMIN PONS,,31190,780  route d'Espagne,,4318414,2 556 949,PUB. COMMUNE,COMMUNE AUTERIVE,,05.61.50.96.87,dgs@auterive-ville.fr,
RH_fiche_27_,,,65,Bagneres de Bigorre,,Espace Culturel Maintenon,,65200,,,,,,,,,centre.culturel@ville-bagneresdebigorre.fr,
RH_fiche_28_,,,65,Bagneres de Bigorre,,Haute Bigorre,CC de la Haute-Bigorre,65200,30 avenue Géruzet,,,,,,Collectivité,,,
RH_fiche_29_,,,65,Bagnères de Bigorre,,Restos du Cœur,,65200,4 rue Grasset,,,,Association,,,,,
RH_fiche_30_,,,65,Bagnères de Bigorre,,Médiathèque Intercommunale,,65200,4 rue alsace Lorraine,,,,,,,05 62 95 34 64,mediatheque@haute-bigorre.fr,
RH_fiche_31_,,,65,Bagnères de Bigorre,,Maison Départementale de la Solidarité,,65200,1 rue Castelmouly,,,,,,,05 31 74 36 20,,
RH_fiche_32_,,,65,Bagnères de Bigorre,,MSAP,,65200,30 avenue de Géruzet,,,,,,,05 62 90 42 02,msap@haute-bigorre.fr,
RH_fiche_33_,,,31,Bagnères de Luchon,,31 SARLUC,,31110,,,,,,,,,31sarluc@ac-toulouse.fr,
RH_fiche_34_,,,31,Bagnères de Luchon,,MJC,,31110,,,,,,,,,luchon@mjc-midi-pyrenees.com,
RH_fiche_35_,,,31,Balma,,Foyer Expérimental Pierre Ribet,,31130,,,,,,,,,,
RH_fiche_36_,,,32,Barran,,Val de Gers - Antenne de Barran,Communauté de Communes Val de Gers,32350,45 rue du Docteurue G. Demandès,Mairie de Barran,,,,,Collectivité,,mairiedebarran@wanadoo.fr,
RH_fiche_37_,,,31,Belberaud,,Le 100eme singe,,31450,8 route de Fourquevaux,,,,Association,,Association,06 17 13 65 98,lecentiemesinge@gmail.com,le100esinge.com
RH_fiche_38_,,,32,Berrac,,Gerskali / Gers numérique,,32480,,,,,,,Entreprise,,,https://www.gers-numerique.com/
RH_fiche_39_,,,11,Berriac,,Le Relai,,11000,,,,,,,Association,,,
RH_fiche_40_,,,31,Bessieres,,Val Aïgo - Antenne de Bessières,Communauté de communes Val'Aïgo,31660,26 Place du souvenir,,,,,,Collectivité,,cias2@valaigo.fr,
RH_fiche_41_,,,31,Blagnac,,Mairie de Blagnac,,31700,,,,,,,Mairie,,,
RH_fiche_42_,,,31,Blagnac,,centre social blagnac,,,,,,,,,FIGO Centre social,,,
RH_fiche_43_,,,31,Blagnac,,FAB MJC DES ARTS BLAGNAC,,31700,,,,,PRV. ASSOCIATION,MAISON DES JEUNES ET DE LA CULTURE DES ARTS DE BLAGNAC,,05 34 26 52 76 - 067 84 27 84 81,direction@mjc-arts-blagnac.com,
RH_fiche_44_,,,65,Bordères sur Echez,,bibliothèque Claude Nogaro,,65320,place J Jaurès,,,,,,,05 62 38 33 73,,
RH_fiche_45_,,,11,Bouisse,,Maison de services au public POM's de Bouisse,,,,,,,,,MSAP,,poms.bouisse@orange.fr,
RH_fiche_46_,,,11,Boutenac,,Mediatheque Milcom de Boutenac,,,,,,,,,Collectivités,,,
RH_fiche_47_,,,11,Bram,,Piège Lauragais Malepere,CDC PIEGE LAURAGAIS MALEPERE,11150,62 rue bonrepos,,,,,,Collectivité,,msap@ccplm.fr,
RH_fiche_48_,,,65,Campan,,Espace Public Informatique du canton de Campan,,65710,,,,,,,,,epicampan@gmail.com,
RH_fiche_49_,,,11,Capendu,,Carcassone Agglo,CARCASSONNE AGGLO,11700,2 rue des Figuères,,,,,,Collectivité,,msap@carcassonne-agglo.fr,
RH_fiche_50_,,,11,Carcasonne,,R'MINE - FABLAB CARACASSONNE AGGLO,,11000,20 rue Claude CHAPPE,,,,PUB. EPCI,C.A. CARCASSONNE,,04.68.11.95.58,Denis.PETITCOLIN@carcassonne-agglo.fr,
RH_fiche_51_,,,11,Carcassonne,,Régie de quartier,,11000,,,,,,,Association,,carcassonne-rdq@cnlrq.org,
RH_fiche_52_,,,11,Carcassonne,,Espace Culturel Multimédia,,11000,,,,,,,Mairie,,,
RH_fiche_53_,,,11,Carcassonne,,acti city - Information Jeunesse,,11000,,,,,,,,,information.jeunesse@acticity.com,
RH_fiche_54_,,,11,Carcassonne,,Logigames,,11000,25 boulevard de Varsovie,,,,,,Entreprise,04 68 72 67 04,logigames2001@yahoo.fr,logigames.fr
RH_fiche_55_,,,11,Carcassonne,,EPCI,,,,,4385028,661 762,,,,,,
RH_fiche_56_,,,65,Castelnau Magnoac,,EPI de Castelnau Magnoac,,65230,,,,,,,,,epi.castelnau.magnoac@wanadoo.fr,
RH_fiche_57_,,,65,Castelnau Magnoac,,Médiathèque,,65230,21 place de l'Estelette,,,,,,,05 62 99 80 62,biblio-castelnau@orange.fr,
RH_fiche_58_,,,32,Caupenne d'armagnac,,SYMA DU NOUGAROPOLE,,32110,Route de Caupenne d’armagnac,,,,PUB. SYNDICAT MIXTE,SYMA,,06.72.24.16.70,florence.fos@nogaropole.fr,
RH_fiche_59_,,,65,Cauterets,,Info Cyber jeunes - Association SOLEIL. PIJ,,65110,,,,,,,,,planeteicj@pyrenees.net,
RH_fiche_60_,,,65,Cauterets,,Médiathèque Municipale,,65110,2 Esplanade des œufs,,,,,,,05 62 92 59 96,bibliocauterets@wanadoo.fr,
RH_fiche_61_,,,11,Caves,,ATRIUM,,11510,,,,,,,,,atriumcaves@gmail.com,
RH_fiche_62_,,,31,Cazères,,Maison Pour tous,,31220,6 rue des Capucins,,,,,,FIGO Centre social,,,www.mptcazeres.fr
RH_fiche_63_,,,31,Cintegabelle,,Foyer rural « La Gabela »,,31550,mairie,,,,,,Foyers ruraux,,,
RH_fiche_64_,,,31,Clarac,,foyer rural Clarac,,31210,Chemin de Sainte Anne,,,,,,Association,05 61 89 70 64,foyer-rural-clarac@orange.fr,http://www.foyerruralclarac.org/accueil.html
RH_fiche_65_,,,32,Cologne,,Association Arcolan,,32430,,,,,Association,,FIGO Centre social,,,
RH_fiche_66_,,,32,Cologne,,MSAP Cologne,,32430,Route d'Ardizas,,,,,,MSAP,05 62 05 13 61,msap@ccbl32.fr,https://www.maisondeservicesaupublic.frcontent/bastides-de-lomagne
RH_fiche_67_,,,32,Cologne,,LE SITE,,32430,Route de Sarrant,,,,PRV. SAS,LE SITE,,06 08 51 33 42,philippe.jaubert32@gmail.com,
RH_fiche_68_,,,31,Colomiers,,Mairie,,31770,,,,,,,Mairie,,,
RH_fiche_69_,,,31,Colomiers,,CCAS,,31776,,,,,,,Mairie,,,
RH_fiche_70_,,,31,Colomiers,,LA MIJOTEUSE,,31770,Place Joseph Verseille,,,,PUB. COMMUNE,COMMUNE DE COLOMIERS,,06.38.50.65.31.,christine.gouaux@mairie-colomiers.fr,
RH_fiche_71_,,,31,Colomiers,,Point Rencontres Chomeurs Precaires (PRCP),,31770,2 Allée du Vignemale,,,,,,,,,
RH_fiche_72_,,,32,Condom,,Centre Social de la Ténarèze,,32100,28 rue Gambetta,,,,,,FIGO Centre social,,,
RH_fiche_73_,,,11,Davejean,,Maison de services au public POM'S de Davejean,,,,,,,,,MSAP,,poms.davejean@orange.fr,
RH_fiche_74_,,,11,Fabrezan,,Mediatheque Milcom de Fabrezan,,,,,,,,,Collectivités,04 68 43 71 92,,
RH_fiche_75_,,,31,Fenouillet,,Association Femmes du Monde,,31150,,,,,Association,,FIGO Centre social,,,
RH_fiche_76_,,,32,Fleurance,,Bibliothèque municipale,,32500,100 rue Pasteur,,,,,,Collectivités,05 62 06 18 96,,
RH_fiche_77_,,,32,Fleurance,,Mairie,,32500,,,,,,,Mairie,05 62 06 10 01,,https://www.villefleurance.fr/
RH_fiche_78_,,,32,Fleurance,,Fleurance,Commune de Fleurance,32500,62 Rue Adolphe Cadéot,,,,,,Collectivité,,ccas.compta@villefleurance.fr,
RH_fiche_79_,,,32,Fleurance,,FABLAB C.C LOMAGNE GERSOISE - LIR,,32500,8 Avenue Pierre de Coubertin,,4393352,626 401,PUB. EPCI,C.C LOMAGNE GERSOISE,,,pole21@lomagne-gersoise.com,
RH_fiche_80_,,,65,Galan,,Galan,,65330,1 Place de la Bastide,,,,,,,,,
RH_fiche_81_,,,65,Ibos,,bibliothèque Daniel Pennac,,65420,place Verdun,,,,,,,05 62 90 61 00,,
RH_fiche_82_,,,65,Jezeau,,FABLAB LA SOULANE,,65240,,,,,PRV. ASSOCIATION,ASSOCIATION LA SOULANE,,06 21 98 56 71,soulane.asso@gmail.com,
RH_fiche_83_,,,31,La Salvetat Saint Gilles,,centre social F Chopin,,31880,,,,,,,FIGO Centre social,,,
RH_fiche_84_,,,31,Labège,,ASSOCIATION IOT VALLEY,,31670,425 rue Jean Rostand,,,,PRV. ASSOCIATION,ASSOCIATION IOT VALLEY,,,bertran@iot-valley.fr,
RH_fiche_85_,,,31,Labège,,Centre social Escalquens / CCAS,,,Mairie d'Escalquens Place François Mitterrand,,,,,,FIGO Centre social,05 62 71 56 75,centre.social@escalquens.fr,www.escalquens.fr
RH_fiche_86_,,,31,Lagardelle-sur-Lèze,,EVOLFABLAB,,31870,289 route de la fontannasse,,4305739,2 213 259,PRV. ASSOCIATION,ASSOCIATION INFO@LEZE,,06 20 22 11 48,infoaleze@gmail.com,
RH_fiche_87_,,,31,Lagardelle-sur-Lèze,,Mairie,,31870,,,,,,,,,,
RH_fiche_88_,,,31,Lagardelle-sur-Lèze,,Médiathèque municipale,,31870,3 Château de Vignaou,,,,,,,,bm.lagardelle@wanadoo.fr,
RH_fiche_89_,,,32,Lamothe Goas,,Mairie,,32500,,,,,,,Mairie,,,http://www.lamothe-goas.com/
RH_fiche_90_,,,65,Lannemezan,,SARAPP,,65300,,,,,,,,,,
RH_fiche_91_,,,65,Lannemezan,,Espace Public Informatique,,65300,Galérie Paul bert,,,,,,,05 62 99 18 54,,
RH_fiche_92_,,,65,Lannemezan,,Maison Départementale de la solidarité,,65300,325 rue Thiers,,,,,,,05 31 74 35 10,,
RH_fiche_93_,,,65,Lannemezan,,Restos du Cœur,,65300,272 rue Voltaire,,,,Association,,,,,
RH_fiche_94_,,,31,Le Fauga,,Desir informatique faugatien,,31410,,,,,,,Association,,,
RH_fiche_95_,,,31,Le Fauga,,mairie La Fauga,,31410,,,,,,,Mairie,,mairie@lefauga.fr,
RH_fiche_96_,,,32,Lectoure,,MSAP,,32700,2 cours Gambetta,,,,,,MSAP,05 62 68 75 47,ccas.accueil@mairie-lectoure.fr,https://www.maisondeservicesaupublic.fr/content/lectoure
RH_fiche_97_,,,32,Lectoure,,Télécentre de Lectoure,,32700,,,,,,,,,priviere@mairie-lectoure.fr,
RH_fiche_98_,,,32,Lectoure,,Régie rurale de services de Lomagne,,32700,,,,,,,Association,,regie.lectoure@cnlrq.org,
RH_fiche_99_,,,32,Lectoure,,Bibliothèque médiathèque municipale,,32700,rue Saint Gervais,,,,,,Collectivités,05 62 68 48 32,,
RH_fiche_100_,,,32,Lectoure,,Génération Mouvement,,32700,,,,,,,Association,05 62 68 71 77,,
RH_fiche_101_,,,32,Lectoure,,Mairie,,32700,,,,,,,Mairie,05 62 68 70 22,,https://www.lectoure.fr/fr-contact.html
RH_fiche_102_,,,32,Lectoure,,Lectoure,Commune de Lectoure,32700,2 Cours Gambetta,,,,,,Collectivité,,ccas.direction@mairie-lectoure.fr,
RH_fiche_103_,,,32,Lectoure,,PEPINIERES D ENTREPRISES DE LOMAGNE,,32700,ZI La Couture,,,,PUB. EPCI,CC LOMAGNE GERSOISE,,05.62.29.52.42 - 06.46.71.43.17,economie@lomagne-gersoise.com,
RH_fiche_104_,,,31,Lespinasse,,PCWORKS31,,31150,2 Allée Pierre-paul Riquet,,4342778,578 462,,,,,,
RH_fiche_105_,,,11,Lezignan,,Isis (epicerie solidaire),,11200,39 rue Lamartine,,,,,,Association,,,
RH_fiche_106_,,,11,Lezignan Corbières,,MJC Lezignan Corbières,,11200,25 Rue Marat,,4346935,34 708,,,Association,04 68 27 03 34,mjc.lezignan.corbieres@wanadoo.fr,www.mjc-lezignan-corbieres.com
RH_fiche_107_,,,31,Lherm,,C N S Communications,,31600,9 Rue de la Foret,,,,,,,,,
RH_fiche_108_,,,11,Limoux,,SAPIE,,11300,7 rue du Cougaing,,,,,,SCIC,04 68 74 73 30,sapie@sapie.coop,http://sapie.coop
RH_fiche_109_,,,11,Limoux,,Limouxin,MSA,11300,17 chemin Farinier,,,,,,Opérateur,,,
RH_fiche_110_,,,11,Limoux,,TIERS LIEUX LIMOUX,,11300,7  rue du Cougaing,,,,PRV. SCIC,SCIC SAPIE,,04 68 74 73 30 / 06 27 63 21 28,florence.tholly@sapie.coop,
RH_fiche_111_,,,65,Lourdes,,CCAS Lourdes,,65100,2 Rue de l'Hôtel de Ville,,,,,,Mairie,05 62 94 65 65,,
RH_fiche_112_,,,65,Lourdes,,Centre social Lourdes,,65100,2 Rue de l'Hôtel de Ville,,,,,,FIGO Centre social,05 62 94 65 65,,https://www.lourdes.fr/enfance-jeunesse/l-espace-vie-citoyenne-jeunesse/3079-le-centre-social-jean-zay
RH_fiche_113_,,,65,Lourdes,,SAGV65,,65100,17  avenue Joffre,BP 846,,,,,FIGO Centre social,,,
RH_fiche_114_,,,65,Lourdes,,Cyber-base Lourdes,,65100,,,,,,,,,barmelle@cyber-base.org,
RH_fiche_115_,,,65,Lourdes,,Cyberbase et médiathèque,,65100,place du champ commun,,,,,,,05 62 94 99 42,,
RH_fiche_116_,,,65,Lourdes,,Restos du Cœur,,65100,2 rue du Tydos,,4296028,2 526 948,Association,,,,,
RH_fiche_117_,,,65,Lourdes,,Maison Départementale de la Solidarité,,65100,19 boulevard rue Cazenave,,,,,,,05 31 74 35 60,,
RH_fiche_118_,,,65,Luc,,Luc,,65190,19 rue du Pic du Midi,,4335671,1 623 405,,,,,,
RH_fiche_119_,,,65,Luz Saint Sauveur,,Cyber-base Luz Saint Sauveur,,65120,,,,,,,,,,
RH_fiche_120_,,,65,Luz Saint Sauveur,,Luz-Saint-Sauveur,,65120,Maison Gradet-Poque - Mairie de Luz Saint Sauveur,,,,,,,,,
RH_fiche_121_,,,65,Luz Saint Sauveur,,MSAP,,65120,Maison Gradet Poque,,,,,,,05 62 92 25 50,,
RH_fiche_122_,,,65,Luz Saint Sauveur,,Maison du Parc National et de la Vallée,,65120,24 place St Clément,,,,,,,05 62 92 38 38,,
RH_fiche_123_,,,31,Léguevin,,centre social La Maison des Quartiers,,,,,,,,,FIGO Centre social,,,
RH_fiche_124_,,,31,Lévignac,,centre social Vallée de la Save,,31530,,,,,,,FIGO Centre social,05 62 13 80 20,centre-social.valleesave@save-touch.org,https://www.mairie-levignac.com/centre-social
RH_fiche_125_,,,32,L’isle Jourdain,,L OURS BRUN,,32600,9 Place GAMBETTA,,4318723,3 005 378,PRV. SARL,SOCIETE VBR EVENEMENTS,,0680856559 - 06 11 72 24 20,xavier.roque@laposte.net,
RH_fiche_126_,,,32,L’isle Jourdain,,A.P.I. en Gascogne,,32600,2 Avenue du Courdé,,,,,,FIGO Centre social,,,
RH_fiche_127_,,,32,Masseube,,Val de Gers,Communauté de Communes Val de Gers,32140,16 Avenue Elysée Duffréchou,Ancien couvent,,,,,Collectivité,,,
RH_fiche_128_,,,65,Maubourguet,,Cyber-Base du Val d'Adour,,65700,,,,,,,,,cyberbase@cc-valdadour.com,
RH_fiche_129_,,,65,Maubourguet,,Maubourguet,CC Adour Madiran,65700,179 Place de la Libération,Centre culturel Jean Glavany,,,,,Collectivité,05 62 96 07 93,cyberbase@adour-madiran.fr,
RH_fiche_130_,,,65,Maubourguet,,MSAP,,65700,CAC Jean Glavanny,,,,,,,05 62 96 07 93,,
RH_fiche_131_,,,32,Mauvezin,,Régie Rurale de Services de Fezensaguet,,32120,43  rue Gambetta,,,,,,Association,05 62 06 92 80,regie.mauvezin@cnlrq.org,
RH_fiche_132_,,,31,Merville,,Centre Social de Merville / CCAS,,31330,50 rue du 19 mars 1962,,,,,,FIGO Centre social,05 62 13 40 95,,
RH_fiche_133_,,,32,Mirande,,Télécentre de Mirande,,32300,,,429696,-7 415,,,,,coeur-dastarac@wanadoo.fr,
RH_fiche_134_,,,32,Mirande,,Internet Academy,,32300,,,,,,,,,,
RH_fiche_135_,,,31,Miremont,,Médiathèque,,31190,,Place Carreties,4360542,45 201,,,,05 61 50 67 05,biblio.miremont@wanadoo.fr,
RH_fiche_136_,,,31,Montbrun Bocage,,L'ordinateur facile,,31310,3 rue du Rebarat,,,,Association,,Association,06 51 91 40 96,lordinateurfacile@gmail.com,http://www.lordinateurfacile.fr/
RH_fiche_137_,,,31,Montrejeau,,SARAPP Montrejeau,,31210,,,,,,,,,,
RH_fiche_138_,,,11,Mouthoumet,,Centre social Adhco,,11330,23 rue de la gare,,,,,,Centre social,04 68 70 18 50,adhco.developpement@orange.fr,http://www.adhco.fr/
RH_fiche_139_,,,11,Mouthoumet,,Massif de Mouthoumet,ADHCO CENTRE SOCIAL,11330,23 rue de la gare,,4338747,15 968,,,Association,04 68 70 18 50,adhco.developpement@orange.fr,
RH_fiche_140_,,,31,Muret,,9com9,,31600,,,,,Association,,Association,,,
RH_fiche_141_,,,31,Nailloux,,Nailloux - CC Terres du Lauragais,Communauté de communes,31560,1 rue de la république,,,,,,Collectivité,,,
RH_fiche_142_,,,11,Narbonne,,Ecole régionale deuxieme chance,,11000,,,,,,,,,,
RH_fiche_143_,,,11,Narbonne,,Versus  Internet Café,,11000,,,4341314,1 119 217,,,,,info@versus.fr,
RH_fiche_144_,,,11,Narbonne,,Maison de la l'Emploi et de la Formation,,11000,,,,,,,,,multimedia@mef-narbonnaise.fr,
RH_fiche_145_,,,11,Narbonne,,Aide Mutuelle à l'Insertion,,11000,24 boulevard Frédéric Mistral,,,,,,FIGO Centre social,04 68 65 07 10,ami-aude@orange.fr,https://ami-aude.com/index.html
RH_fiche_146_,,,11,Narbonne,,Centre Social et Culturel Nelson MANDELA,,11000,4 Promenade Emilie Palomo,,,,,,FIGO Centre social,04 68 41 77 26,,https://www.csc-mandela.fr/
RH_fiche_147_,,,11,Narbonne,,Le Lieu Ressources Littoral,,,,,,,,,,,sp-narbonne@aude.pref.gouv.fr,
RH_fiche_148_,,,11,Narbonne,,PIMMS du Narbonnais,Union Nationale des PIMMS,11000,8 avenue du Maréchal Foch,,,,,,PIMMS,04 68 43 68 93,narbonne@pimms.org,
RH_fiche_149_,,,11,Narbonne,,TIERS LIEUX IN’ESS LE GRAND NARBONNE,,11000,30 Avenue Paul Pompidor,,,,PUB. EPCI,CA GRAND NARBONNE,,,l.bullich@legrandnarbonne.com,
RH_fiche_150_,,,11,Narbonne,,FABLAB IN'ESS,,11100,30 avenue Pompidor,,,,PUB. EPCI,C.C GRAND NARBONNE,,,s.sole@legrandnarbonne.com,
RH_fiche_151_,,,11,Narbonne,,INESS GRAND NARBONNE,,,,,,,Collectivites,,Collectivites,,service.accueil-iness@legrandnarbonne.com,
RH_fiche_152_,,,32,Nogaro,,Association CLAN - PIJ,,32110,,,,,,,,,pij32.nogaro@crij.org,
RH_fiche_153_,,,31,Pibrac,,Maison des Initiatives Sociales et Culturelles,,31820,1 Impasse de la Gare,,,,,,FIGO Centre social,,,
RH_fiche_154_,,,65,Pierreffitte Nestalas,,La Poste MSAP,,65260,place Jean Jaures,,,,,,,05 62 92 24 64,msap.pierrefitte-nestalas@laposte.fr,
RH_fiche_155_,,,65,Pierreffitte Nestalas,,bibliothèque,,65260,Marie - 1erue étage  2 avenue Gén leclerc,,,,,,,05 62 92 75 46,alpsv@orange.fr,
RH_fiche_156_,,,65,Pierreffitte Nestalas,,Pierrefitte-Nestalas,La Poste,65260,Place Jean Jaurès,,,,,,La Poste,,,
RH_fiche_157_,,,32,Plaisance,,EREF - PIJ,,32160,,,,,,,,,,
RH_fiche_158_,,,32,Plaisance,,Plaisance du Gers,La Poste,32160,38 rue de l’Adour,,,,,,La Poste,,,
RH_fiche_159_,,,31,Plaisance du Touch,,centre social Sesame,,31830,,,,,,,FIGO Centre social,,,
RH_fiche_160_,,,65,Pouyastruc,,bibliothèque,,65350,rue des écoles,,,,,,,05 62 33 67 39,bibliotheque-pouyastruc@orange.fr,
RH_fiche_161_,,,31,Puydaniel,,Solidarité Numérique CCAS,,31190,,8  avenue des Pyrénées,,,,,Mairie,05 61 50 72 44,mairiepuydaniel@wanadoo.fr,https://www.mairie-puydaniel.fr/
RH_fiche_162_,,,65,Rabastens de Bigorre,,Rabastens en Bigorre,CC Adour Madiran,65140,16 place centrale,,,,,,Collectivité,,,
RH_fiche_163_,,,65,Rabastens de Bigorre,,MSAP Pole Public des Services,,65140,16 place centrale,,,,,,,05 62 96 54 51,,
RH_fiche_164_,,,31,Ramonville,,Le pic,,,,,,,,,Association,,,
RH_fiche_165_,,,31,Ramonville,,Le F@bRiquet,,31520,14 rue Hermes,,,,PRV. ASSOCIATION,ASSOCIATION PLANETE SCIENCES OCCITANIE,,05 61 73 10 22,ariane.rudelle@planete-sciences.org,http://www.fabriquet.fr/web/
RH_fiche_166_,,,31,Rieumes,,Rieumes - CC Cœur de Garonne,Communauté de Communes Cœur de Garonne,31370,2 Place du marché à la volaille,,4329356,1 782 531,,,Collectivité,,msap@cc-coeurdegaronne.fr,
RH_fiche_167_,,,31,Rieux Volvestre,,Relais d'entreprise de RIEUX VOLVESTRE,,31310,10 rue de la Tourue de Guet,,,,PRV. SARL,SARL LES BRUNIS,,06 72 36 02 32,d.aumont@relais-d-entreprises.com,
RH_fiche_168_,,,32,Riscle,,Télécentre de Riscle,,32400,,,,,,,,,manonbonnet.gers@gmail.com,
RH_fiche_169_,,,32,Saint Clar,,prends toi en main,,32380,,,,,Association,,Association,,,
RH_fiche_170_,,,31,Saint Gaudens,,MJC / cyber-base du Saint-Gaudinois,,31800,1 place du maréchal juin,,,,,,Association,05 61 94 66 45,info@mjc-st-gaudens.org,www.mjc-st-gaudens.org
RH_fiche_171_,,,31,Saint Gaudens,,APP Comminges-Luchonnais,,31800,,,4301773,591 438,,,,,,
RH_fiche_172_,,,31,Saint Gaudens,,Club de prévention Saint Gaudens,,31800,,,,,,,Collectivités,,,
RH_fiche_173_,,,31,Saint Gaudens,,CyberBase de Saint Gaudens,,31800,,,,,,,,,,
RH_fiche_174_,,,31,Saint Gaudens,,TIERS LIEUX EN COMMINGES,,31800,1 place Maréchal Juin,,,,PRV. ASSOCIATION,MAISON DE L AVENIR COMMINGES PYRENEES,,05.61.94.66.45,julie@maisondelavenir.eu,
RH_fiche_175_,,,31,Saint Gaudens,,Cyber-base,,31800,1 Place du Marechal Juin,,430288,2 979 497,,,,,,
RH_fiche_176_,,,65,Saint Laurent de Neste,,SARAPP GRETA des Hautes-Pyrénées,,65150,,,,,,,,,,
RH_fiche_177_,,,65,Saint Laurent de Neste,,Maison du savoir,,65150,,,4281608,32 982,,,,,contact@maisondusavoir.fr,
RH_fiche_178_,,,65,Saint Laurent de Neste,,FABLAB SAPIENS,,65150,ZA Pic Pyrénées Innovation,,,,PUB. EPCI,C.C. CANTON DE ST LAURENT DE NESTE,,,maxime.lagarde@neste-barousse.fr,
RH_fiche_179_,,,65,Saint Laurent de Neste,,FABLAB SAPIENS,,65150,,,,,PUB. EPCI,CC NESTE BAROUSSE,,05 62 99 35 23 - 06 71 32 51 67,maxime.lagarde@neste-barousse.fr,
RH_fiche_180_,,,11,Saint Marcel sur Aude,,Centre Socioculturel et Familial ‘Les Passerelles’,,11120,107  avenue de Saint Pons,BP 8,,,,,FIGO Centre social,04 68 42 35 25,lespasserelles@cs-les-passerelles.fr,www.cs-les-passerelles.fr
RH_fiche_181_,,,31,Saint Orens,,CCAS,,31650,,,,,,,Mairie,,,
RH_fiche_182_,,,31,Saint Orens de Gameville,,Espace Pour Tous,,31650,,,432432,63 311,,,FIGO Centre social,,,
RH_fiche_183_,,,32,Saint-Clar,,Médiathèque de Saint-Clar,,32380,place dastros,,,,,,FIGO Centre social,05 62 07 49 12,mediathequestclar@orange.fr,https://fr-fr.facebook.com/mediatheque.desaintclar
RH_fiche_184_,,,31,Saint-Jean,,ESPACE MEDIATION NUMERIQUE ST JEAN,,31240,,,,,PUB. COMMUNE,COMMUNE DE ST JEAN,,05 32 09 68 37,sylvie.blanc@mairie-saintjean.fr,
RH_fiche_185_,,,31,Saint-Jean,,MJC Les Granges / Saint Jean,,31240,33 route d'Albi,ter,,,,,,05 32 09 67 50,,https://www.mairie-saintjean.fr/les-granges/
RH_fiche_186_,,,31,Saint-Jean,,Centre Social Les Granges / Saint Jean,,31240,33 route d'Albi,ter,,,,,FIGO Centre social,05 32 09 68 37,,https://www.mairie-saintjean.fr/les-granges/
RH_fiche_187_,,,31,Saint-Jean,,CREATEC - LES GRANGES,,31240,33 terue route d'Albi,,,,PRV. ASSOCIATION,ASSOCIATION MJC SAINT JEAN,,,direction@mjcstj31.fr,
RH_fiche_188_,,,31,Saint-Lys,,MJC-Centre social,,31470,1 Rue des Glycines,,,,,,FIGO Centre social,05 34 48 56 91,centresocial@saint-lys.fr,
RH_fiche_189_,,,11,Salles sur l'hers,,Castelnaudary Lauragais Audois,ENERGIES PIEGE,11410,9 Rue des Rosiers,,,,,,Association,,,
RH_fiche_190_,,,32,Samatan,,MSAP Gestes,,,,,,,,,MSAP,,,
RH_fiche_191_,,,32,Samatan,,Le bureau Samatanais,,32130,,,,,,,,05 62 59 71 02,contact@lebureausamatanais.fr,http://www.lebureausamatanais.fr/#
RH_fiche_192_,,,32,Samatan,,CCAS,,32130,,,,,,,MSAP,,,
RH_fiche_193_,,,32,Samatan,,LE BUREAU SAMATANAIS,,32130,6 rue de la commanderie,,,,PRV. SAS,SAS LE BUREAU SAMATANAIS,,06 33 48 01 17,contact@lebureausamatanais.fr,
RH_fiche_194_,,,65,Sarp,,Sarp,CC Neste Barousse,65370,Maison de la Barousse,Centre Village,,,,,,,communaute-de-communes@neste-barousse.fr,
RH_fiche_195_,,,65,Sarp,,Maison de la Communauté de communes MSAP,,65370,le village,,,,,,,05 62 99 35 23,communaute-de-communes@neste-barousse.fr,
RH_fiche_196_,,,32,Sarrant,,Espace de Vie Sociale LaMIS,,32120,14 rue du milieu,,,,,,FIGO Centre social,05 42 54 25 24,lamis@orange.fr,
RH_fiche_197_,,,32,Seissan,,Val de Gers - Antenne de Seissan,Communauté de Communes Val de Gers,32260,1 Place Carnot,,,,,,Collectivité,,accueil@cc-valdegers.fr,
RH_fiche_198_,,,11,Sigean,,PIMMS - Corbières Méditerranée,Union Nationale des PIMMS,11130,2 place de la Libération,,,,,,PIMMS,04 68 33 51 12,sigean@pimms.org,
RH_fiche_199_,,,32,Simorre,,LE BOUCHE A OREILLE,,32420,,,,,PRV. SCIC SARL,,,05 62 05 52 42,contact@lebao.fr,
RH_fiche_200_,,,65,St Lary soulan,,Saint-Lary-Soulan,Guichet Initiative Pluriactivité Emploi (GIPE),65170,36 rue Vincent Mir,Galerie Commerciale,,,,,Association,,,
RH_fiche_201_,,,65,St Lary soulan,,MSAP Guichet Initiative Pluriactivité Emploi (GIPE),,65170,36 rue Vincent Mir,,,,,,,05 62 40 08 14,,
RH_fiche_202_,,,65,St Lary soulan,,Médiathèque Maison du Patrimoine,,65170,41 rue Vincent Mir,,,,,,,05 62 40 87 86,accueil@patrimoine-stlary.fr,
RH_fiche_203_,,,65,Séméac,,bibliothèque Albert Camus,,65600,51  rue de la République,,,,,,,05 62 37 78 63,biblio.albert.camus@agglo-tlp.fr,
RH_fiche_204_,,,65,Séméac,,Restos du Cœur,,65600,41 rue de la République,,,,Association,,,,,
RH_fiche_205_,,,65,Tarbes,,Tarbes Laubadère,La Poste,65000,10 Avenue Antoine de Saint-exupéry,,,,,,La Poste,,,
RH_fiche_206_,,,65,Tarbes,,L'ADR'ESS,,65000,2 Boulevard Garigliano,,,,PRV. ASSOCIATION,LES PETITS DEBROUILLARDS,,06 48 86 91 40,e.portalier@lespetitsdebrouillards.org,
RH_fiche_207_,,,65,Tarbes,,CRESCENDO - PLURIFAB - LA MANUFACTURE,,65000,14 Boulevard Pierre RENAUDET,,,,PRV. ASSOCIATION,ASSOCIATION CRESCENDO,,05.62.36.21.34 - 06.10.78.05.87,emmanuel.dubie@crescendo-tarbes.com,
RH_fiche_208_,,,65,Tarbes,,bibliothèque Louis Aragon,,65000,31  rue André Fourcade,,,,,,,05 62 44 38 98,,
RH_fiche_209_,,,65,Tarbes,,bibliothèque Nelson Mandela,,65000,10  avenue Antoine de Saint Exupéry,,,,,,,05 62 37 99 20,biblio.nelson.mandela@agglo-tlp.fr,
RH_fiche_210_,,,65,Tarbes,,Espace Public Initiatives Citoyennes (EPIC),,65000,4 rue Erik Satié,,,,,,,05 62 54 38 72,,
RH_fiche_211_,,,65,Tarbes,,Association Informatique Tarbaise,,65000,7 rue André Breyer,,,,Association,,,06 25 39 46 24,,
RH_fiche_212_,,,65,Tarbes,,St Vincent de Paul,,65000,14 rue Solférino,,,,,,,05 62 51 13 82,,
RH_fiche_213_,,,65,Tarbes,,Confédération Syndicale des Familles,,65000,33 rue E Ténot,,,,,,,05 62 38 17 69,,
RH_fiche_214_,,,65,Tarbes,,Maison Départementale de la Solidarité site des Bigerrions,,65000,37 boulevard du martinet,,,,Collectivités,,,05 62 53 34 65,,
RH_fiche_215_,,,65,Tarbes,,Maison Départementale de la Solidarité site de Gaston Dreyt,,65000,5 rue Gaston Dreyt,,,,Collectivités,,,05 62 56 73 02,,
RH_fiche_216_,,,65,Tarbes,,Maison Départementale de la Solidarité site de St Exupéry,,65000,8 rue du Comminges,,,,Collectivités,,,05 31 74 36 50,,
RH_fiche_217_,,,65,Tarbes,,Bureau d'information Jeunesse (BIJ),,65000,3 rue colomès de Juillan,,,,,,,05 62 93 22 12,jeunesseviecitoyenne@mairie-tarbes.fr,
RH_fiche_218_,,,65,Tarbes,,point jeunes Laub'ados,,65000,26 rue Guynemer,,,,,,,05 62 36 31 68,jeunesse.nord@mairie-tarbes.fr,
RH_fiche_219_,,,65,Tarbes,,Solidarité avec les Gens du Voyage (SAGV),,65000,17 avenue Joffre,,,,,,,05 62 36 76 44,sagv65@wanadoo.fr,
RH_fiche_220_,,,65,Tarbes,,atelier Canopé,,65000,11 rue G. Magnoac,,,,,,,05 62 44 36 36,,
RH_fiche_221_,,,65,Tarbes,,Adr'ESS,,65000,2 boulevard Gargliano,,,,,,,06 56 83 53 57,,
RH_fiche_222_,,,65,Tarbes,,Portes Ouvertes,,65000,6 cité Mouysset,,,,,,,06 33 42 80 52,,
RH_fiche_223_,,,11,Thezan des corbieres,,Espace Public Numérique de la Contrée de Durban-Corbières,,11200,,,,,,,,,developpementlocal@contree-durban-corbieres.fr,
RH_fiche_224_,,,31,Toulouse,,Bibliotheque Grand M,,31000,37 avenue de la Reynerie,,,,,Bibliothèque,Collectivités,05 81 91 79 40,,www.bibliotheque.toulouse.fr
RH_fiche_225_,,,31,Toulouse,,Combustible numérique,,31000,,,,,Association,Association,Association,,contact@combustible.fr,
RH_fiche_226_,,,31,Toulouse,,Trajectoire vers l'emploi,,31000,,,,,,Association,Association,,,
RH_fiche_227_,,,31,Toulouse,,Lieu Ressource Formation,,31000,,,,,,Association,Association,,,
RH_fiche_228_,,,31,Toulouse,,7 notre quartier,,31000,,,,,Association,Association,Association,,,
RH_fiche_229_,,,31,Toulouse,,CSF – Section Mirail,,31000,14 cheminement le Tintoret,,,,Association,Association,Association,,,www.csfmirailblf.wixsite.com/csfmirail
RH_fiche_230_,,,31,Toulouse,,ADPAM,,31000,,,,,Association,Association,Association,,,
RH_fiche_231_,,,31,Toulouse,,Mieux Vivre Ensemble à la Gloire,,31000,2 rue du général Baurot,,,,Association,Association,Association,,,
RH_fiche_232_,,,31,Toulouse,,Mission Locale,,31000,,,,,Association,Association,Association,,,
RH_fiche_233_,,,31,Toulouse,,ASTREE,,31000,,,,,Association,Association,Association,,,
RH_fiche_234_,,,31,Toulouse,,La case de santé,,31000,17 place Arnaud Bernard,,,,Association,Association,Association,05 61 23 62 35,contact@casedesante.org,http://casedesante.org/lacase_horaires.html
RH_fiche_235_,,,31,Toulouse,,AFEV,,31000,,,,,Association,Association,Association,,pole.toulouse@afev.org,
RH_fiche_236_,,,31,Toulouse,,Café social,,31000,38 rue Roquelaine,,,,Association,Association,Association,06 18 57 02 52,,
RH_fiche_237_,,,31,Toulouse,,Mairie de quartier de Serveyrolles – Soupetard,,31000,,,,,,Mairie de quartier,Mairie,,,
RH_fiche_238_,,,31,Toulouse,,Maison de la citoyenneté Centre,,31000,5 rue Paul Mériel,,,,,Maison de la citoyenneté,Mairie,,,
RH_fiche_239_,,,31,Toulouse,,CCAS,,31000,2 bis rue de belfort,,,,,,Mairie,05 61 58 85 85,,
RH_fiche_240_,,,31,Toulouse,,Centre d'Animation Soupetard,,31000,,,,,,,,,,
RH_fiche_241_,,,31,Toulouse,,MediPass,,31000,,,,,,,,,medipass@free.fr,
RH_fiche_242_,,,31,Toulouse,,SAVIF,,31000,,,,,,,,,savifs@free.fr,
RH_fiche_243_,,,31,Toulouse,,CPAM Bagatelle,,31100,33 rue du Lot,,,,,,CPAM,,,ameli.fr
RH_fiche_244_,,,31,Toulouse,,Partage Faourette,,31100,13 rue de l'ukraine,,,,,,FIGO Centre social,05 34 60 13 16,,
RH_fiche_245_,,,31,Toulouse,,Pôle Emploi La Cepiere,,31100,4 Chemin du Pigeonnierue de Cepière,,,,,,Pôle Emploi,39 49,,www.pole-emploi.fr
RH_fiche_246_,,,31,Toulouse,,"Pôle Emploi
Bellefontaine",,31100,63 allées de Bellefontaine,,,,,,Pôle Emploi,39 49,,www.pole-emploi.fr
RH_fiche_247_,,,31,Toulouse,,APSEM,,31100,3 rue Erik SATIE BP 35711,31057 Toulouse cedex 1,,,Association,,Association,05 34 60 39 40,apsem2@wanadoo.fr,http://apsem-formation.fr/
RH_fiche_248_,,,31,Toulouse,,Bell'Arc en Ciel,,31100,14 passage G Duhamel,Apt 299,,,Association,,Association,09 66 82 55 84,assobellarcenciel@gmail.com,
RH_fiche_249_,,,31,Toulouse,,Maison des Solidarites,,31100,9 rue du Doyen Lefebvre,,,,,,Conseil Départemental,,,
RH_fiche_250_,,,31,Toulouse,,Regie de quartier Bellefontaine Services,,31100,41 rue Rimont,,,,Association,,Association,09 53 17 88 71,bellefontaine.toulouse@cnlrq.org,www.bellefontaine-services.com
RH_fiche_251_,,,31,Toulouse,,Conciergerie solidaire Desbals services,,31100,135 rue henri desbals,,,,Association,,Association,05 62 14 12 55,desbals-services@wanadoo.fr,
RH_fiche_252_,,,31,Toulouse,,Les imaginations fertiles,,31100,,,,,Association,,Association,05 61 40 92 16,,
RH_fiche_253_,,,31,Toulouse,,Assos,,31100,,,,,Association,,Association,,,
RH_fiche_254_,,,31,Toulouse,,"Regie de quartier
Reynerie Services",,31100,14 avenue Winston Churchill,,,,Association,,Association,,reynerie-toulouse@cnlrq.org,www.reynerie-services.com
RH_fiche_255_,,,31,Toulouse,,Asso,,31100,,,,,Association,,Association,,,
RH_fiche_256_,,,31,Toulouse,,Alliances et Cultures MUP,,31100,14 chemin du Mirail,,,,Association,,Association,05 61 44 67 63,accueil.mup@alliancesetcultures.org,
RH_fiche_257_,,,31,Toulouse,,Mission Locale Mirail,,31100,,,,,Association,,Association,,,
RH_fiche_258_,,,31,Toulouse,,Lien horizon danse,,31100,,,,,Association,,Association,,,
RH_fiche_259_,,,31,Toulouse,,Maison de l'initiative,,31100,,,,,Association,,Association,05 34 63 81 10,,
RH_fiche_260_,,,31,Toulouse,,N pays Okhan,,31100,,,,,Association,,Association,,,
RH_fiche_261_,,,31,Toulouse,,Parle avec elles,,31100,2 rue Jean Gilles,,,,Association,,Association,,,
RH_fiche_262_,,,31,Toulouse,,L'Ecole et Nous,,31100,10 cheminement Le Tintoret,,,,Association,,Association,,assoecoleetnous@gmail.com,www.ecoleetnous.wixsite.com
RH_fiche_263_,,,31,Toulouse,,Bas d'immeubles,,31100,3 chemin Vincent d'Indy,,,,Association,,Association,05.62.14.19.70 / 09 72 83 40 47,bas.im@wanadoo.fr,
RH_fiche_264_,,,31,Toulouse,,Voir et comprendre,,31100,,,,,Association,,Association,,voir.comprendre@voiretcomprendre.fr,
RH_fiche_265_,,,31,Toulouse,,Centre social municipal Bellefontaine Lafourguette,,31100,3 impasse Foulquier,,,,,,Centre social,,,
RH_fiche_266_,,,31,Toulouse,,Centre social alliances & Cultures Mirail rive droite,,31100,2 cheminement andré messager,,,,,,Centre social,05 61 44 67 63,,
RH_fiche_267_,,,31,Toulouse,,"Centre social
CAF Reynerie",,31100,15 place Abbal,,,,,,Centre social,,,
RH_fiche_268_,,,31,Toulouse,,Espaces Seniors Connectes,,31100,14 place Abbal,,,,,,Collectivites,,,
RH_fiche_269_,,,31,Toulouse,,point information jeunesse (PIJ) Mirail,,31100,6 chemin Edgarue Varese,,,,,,,05 61 72 45 37,mespij.toulouse@crij.org,www.ij-mirail.org
RH_fiche_270_,,,31,Toulouse,,PIJ,,31100,,,,,,,,,,
RH_fiche_271_,,,31,Toulouse,,MCEF,,31100,57 allées de Bellefontaine,,,,,,,,,
RH_fiche_272_,,,31,Toulouse,,maison des solidaritésBorderouge,,31200,4 rue françoise d'eaubonne,Bat A,,,Collectivités,,Conseil Départemental,05 34 36 17 00,,
RH_fiche_273_,,,31,Toulouse,,LA FABRIQUE SOLIDAIRE DES MINIMES (FA SOL MI),,31200,local des Mazades 29 bis avenue des Mazades,,,,Association,,Association,05 61 25 38 28,,www.lafabriquesolidaire.org
RH_fiche_274_,,,31,Toulouse,,Pole Emploi Borderouge,,31200,6 rue françoise d'eaubonne,Bat C,,,,,Pôle Emploi,,,www.pole-emploi.fr
RH_fiche_275_,,,31,Toulouse,,Parole expression,,31200,19 rue Marc Arcis,,,,Association,,Association,05 82 95 67 80,,paroleexpression.fr
RH_fiche_276_,,,31,Toulouse,,maison des solidaritésMinimes,,31200,33 rue joseph jacquard,,,,Collectivités,,Conseil Départemental,05 62 72 77 80,,
RH_fiche_277_,,,31,Toulouse,,Secours populaire,,31200,147 avenue des etats unis,,,,Association,,Association,05 34 40 34 40,,
RH_fiche_278_,,,31,Toulouse,,Secours catholique,,31200,place du marche aux cochons,,,,Association,,Association,05 34 25 67 40,,
RH_fiche_279_,,,31,Toulouse,,point information jeunesse (PIJ) Quartier Nord,,31200,118 Boulevard Pierre et Marie Curie,,,,Association,,Association,05 62 72 23 78,cyberbasetoulousenord@orange.fr,http://www.pijtoulousenord.org
RH_fiche_280_,,,31,Toulouse,,Entr'act solidarite,,31200,148 avenue de fronton,,,,Association,,Association,05 61 55 59 26,,
RH_fiche_281_,,,31,Toulouse,,Mission Locale Antenne quartier nord,,31200,1 rue ernest renan,,,,Association,,Association,05 61 57 59 92,,
RH_fiche_282_,,,31,Toulouse,,Centre social Alliances & Cultures Cap Nord,,31200,12 rue Clouet,,,,,,Centre social,05 61 13 35 96,alliancesetculturesnord@yahoo.fr,www.alliancesetcultures.ouvaton.org
RH_fiche_283_,,,31,Toulouse,,CCPS et CARMI,,31200,44 chemin des izards,,,,,,Centre social,05 62 72 48 50,clshp@ccpst.org carmi@ccpst.org,
RH_fiche_284_,,,31,Toulouse,,Alliances et Cultures Les Troênes,,31200,69 rue des Troênes,,,,,,Centre social,05 61 57 14 71,,
RH_fiche_285_,,,31,Toulouse,,Antenne CCPS Picarel,,31200,26 allées Django Reinhard,,,,,,Centre social,05 61 70 45 62,,
RH_fiche_286_,,,31,Toulouse,,Antenne CCPS Les Chênes,,31200,49 rue des mésanges,,,,,,Centre social,05 62 75 46 29,,
RH_fiche_287_,,,31,Toulouse,,Centre social Izards/Borderouge,,31200,1 place Micoulaud,,,,,,FIGO Centre social,05 67 04 14 80,,
RH_fiche_288_,,,31,Toulouse,,MJC Croix-Daurade,,31200,,,,,,,,,,http://www.mjccroixdaurade.fr/
RH_fiche_289_,,,31,Toulouse,,CSF Cugnaux,,31270,,,,,,,,,,
RH_fiche_290_,,,31,Toulouse,,maison des solidaritésCastanet-Tolosan,,31300,68 avenue de Lauragais,,,,,,Conseil Départemental,05 62 71 91 80,,
RH_fiche_291_,,,31,Toulouse,,Centre Social – ASSQOT,,31300,18 rue Vincent Scotto,,,,,,Centre social,,,www.assqot.com
RH_fiche_292_,,,31,Toulouse,,Centre social annexe  Arenes romaines,,31300,107 avenue des Arènes Romaines,,,,,,Centre social,05 61 16 09 46,,
RH_fiche_293_,,,31,Toulouse,,CCPS Hameau de fleurance,,31300,12 impasse benozzi,,,,,,Centre social,05 62 72 48 50,,
RH_fiche_294_,,,31,Toulouse,,Point Infomartions Jeunesse Empalot,,31400,,,,,,,Mairie,,,
RH_fiche_295_,,,31,Toulouse,,Mediatheque Empalot,,31400,40 avenue jean moulin,,,,,,Mairie,,,
RH_fiche_296_,,,31,Toulouse,,maison des citoyennetes Niel,,31400,81 rue saint roch,,,,,,Mairie,,,
RH_fiche_297_,,,31,Toulouse,,Bibliotheque Mediatheque Rangueil,,31400,19 rue claude forbin,,,,,,Mairie,,,
RH_fiche_298_,,,31,Toulouse,,Bib' Insa,,31400,135 avenue de rangueil,,,,,,,,,
RH_fiche_299_,,,31,Toulouse,,Bibliotheque Universitaire de Sciences,,31400,118 rte de narbonne,,,,,,,,,
RH_fiche_300_,,,31,Toulouse,,Avenir Nouvelle maison des chomeurs,,31400,115 rue bonnat,,,,Association,association,Association,05 34 31 33 11,avenir.toulouse@wanadoo.fr,https://maisondeschomeurs.org
RH_fiche_301_,,,31,Toulouse,,Maison Des Solidarités Empalot,,31400,32 allée henri sellier,,,,Collectivités,,Conseil Départemental,05 61 14 76 00,,
RH_fiche_302_,,,31,Toulouse,,Centre social Jean Moulin / Empalot (CAF),,31400,38 avenue jean moulin,,,,,,FIGO Centre social,05 34 31 94 42,,https://www.facebook.com/cs.empalot/
RH_fiche_303_,,,31,Toulouse,,Mission Locale Empalot,,31400,1 place commerciale,,,,,,Mairie,,,www.mltoulouse.org
RH_fiche_304_,,,31,Toulouse,,Pole emploi St Michel,,31400,2 avenue de l'urss,,,,,,Pôle Emploi,,,
RH_fiche_305_,,,31,Toulouse,,Pole emploi La plaine,,31400,1 impasse rene couzinet,,,,,,Pôle Emploi,,,
RH_fiche_306_,,,31,Toulouse,,Rangueil club de prevention,,31400,34 avenue de Rangueil,,,,,,Collectivites,,,
RH_fiche_307_,,,31,Toulouse,,Centre Epide,,31400,3 avenue du professeurue Joseph Ducuing,,,,,,,05 81 60 89 89,,www.epide.fr
RH_fiche_308_,,,31,Toulouse,,Rectorat,,31400,75 rue saint roch,,,,,,Rectorat,,,
RH_fiche_309_,,,31,Toulouse,,MJC du Pont des demoiselles,,31400,,,,,Association,,Association,,,
RH_fiche_310_,,,31,Toulouse,,Relai 2A (association Le relai),,31400,15 rue du japon,,,,Association,,Association,,,
RH_fiche_311_,,,31,Toulouse,,GRETA,,31400,3 rue andré daste,,,,Entreprise,,Entreprise,,,
RH_fiche_312_,,,31,Toulouse,,Ligue de l'enseignement,,31400,,,,,Association,,Association,,,
RH_fiche_313_,,,31,Toulouse,,La main à la pate,,31400,62 rue de Nîmes,,,,Association,,Association,,,
RH_fiche_314_,,,31,Toulouse,,Generations solidaires,,31400,30 avenue jean moulin,,,,Association,,Association,,,
RH_fiche_315_,,,31,Toulouse,,ASTRONEF,,31400,3 place des avions,,,,Association,,Association,05 61 52 90 70,,
RH_fiche_316_,,,31,Toulouse,,ASEER,,31400,38 avenue jean moulin,,,,Association,,Association,05 61 14 26 12,aseer@laposte.net,
RH_fiche_317_,,,31,Toulouse,,Centre annexe Empalot,,31400,10 rue jean paul blanchard,,,,,,Conseil Départemental,05 61 14 94 20,,
RH_fiche_318_,,,31,Toulouse,,Maison Des Solidarités Rangueil,,31400,39 rue camille desmoullins,,,,,,Conseil Départemental,,,
RH_fiche_319_,,,31,Toulouse,,Maison Des Solidarités Pont des demoiselles,,31400,,,,,,,Conseil Départemental,,,
RH_fiche_320_,,,31,Toulouse,,AIFOMEJ,,31400,5 impasse des hérons,,,,Association,,Association,05 61 53 52 34,,
RH_fiche_321_,,,31,Toulouse,,Karavan,,31400,,,,,Association,,Association,,,
RH_fiche_322_,,,31,Toulouse,,CIDFF,,31400,95 grande rue st michel,,,,Association,,Association,05 34 31 23 31,cidff31@cdiff31.fr,
RH_fiche_323_,,,31,Toulouse,,Empalot Services,,31400,,,,,Association,,Association,,toulouse-empalot@cnlrq.org,
RH_fiche_324_,,,31,Toulouse,,Restos du coeur,,31400,286 rte de revel,,,,Association,,Association,09 83 98 46 19,,
RH_fiche_325_,,,31,Toulouse,,Emmaüs Agir,,31400,43 avenue de l'URSS,,,,Association,,Association,,,
RH_fiche_326_,,,31,Toulouse,,Maison Des Solidarités Montaudran,,31400,,,,,,,Conseil Départemental,,,
RH_fiche_327_,,,31,Toulouse,,Mairie de quartier Pont des Demoiselles,,31400,,,,,,,Mairie,,,
RH_fiche_328_,,,31,Toulouse,,Maison de quartier rangueil/centre social,,31400,,,,,,,Mairie,,,
RH_fiche_329_,,,31,Toulouse,,Bibliotheque des ponts des demoiselles,,31400,63 bis avenue st exupery,,,,,,Mairie,,,
RH_fiche_330_,,,31,Toulouse,,Cosmopolitaine,,31400,,,,,Association,,Association,,contact@cosmopolitaine.org,
RH_fiche_331_,,,31,Toulouse,,CLCV,,31400,,,,,,,,,,
RH_fiche_332_,,,31,Toulouse,,Centre social Jolimont Soupetard,,31500,Centre social Jolimont 11 avenue de l'observatoire,,,,,,FIGO Centre social,05 31 22 94 84,Jolimont.cs@mairie-toulouse.fr,
RH_fiche_333_,,,31,Toulouse,,Fédération des Femmes pour l'Europe (FFPE),,31500,1  rue Léon Jouhaux,,,,Association,,Association,,,www.ffpe-toulouse.org
RH_fiche_334_,,,31,Toulouse,,Mission Locale centre,,31500,24 rue Garipuy,,,,Association,,Association,,,
RH_fiche_335_,,,31,Toulouse,,Mission Locale Antenne Jolimont,,31500,,,,,Association,,Association,,,
RH_fiche_336_,,,31,Toulouse,,Agir et devenir,,31500,,,,,Association,,Association,,agiretdevenir@live.fr,
RH_fiche_337_,,,31,Toulouse,,Centre social Jean Rieux,,31500,,,,,,,Centre social,,,https://www.cpjr.fr/
RH_fiche_338_,,,31,Toulouse,,APSAR,,31500,70 chemin michoun,,,,,,Centre social,05 61 58 24 63,,
RH_fiche_339_,,,31,Toulouse,,Centre social Jolimont,,31500,11 avenue de l'observatoire,,,,,,Centre social,05 67 77 44 80,,
RH_fiche_340_,,,31,Toulouse,,Maison Des Solidarités Bonnefoy/Amouroux,,31500,3 rue du faubourg bonnefoy,,,,,,Conseil Départemental,05 34 25 51 00,,
RH_fiche_341_,,,31,Toulouse,,Centre social polyvalent Jean Rieux,,31500,157 avenue jean rieux,,,,,,FIGO Centre social,05 61 54 80 00,,www.cpjr.fr
RH_fiche_342_,,,31,Toulouse,,Centre social ASPAR,,31500,70 chemin Michoun,,,,,,FIGO Centre social,,,
RH_fiche_343_,,,31,Toulouse,,Centre social Jolimont Soupetard,,31500,Antenne soupetard 12 rue charles garnier,,,,,,FIGO Centre social,05 31 22 95 15,Jolimont.cs@mairie-toulouse.fr,
RH_fiche_344_,,,31,Toulouse,,Mediatheque Jose Cabanis,,31500,,,,,,,Mairie,,,
RH_fiche_345_,,,31,Toulouse,,Maison de la citoyenneté Est,,31500,8 bis avenue du parc,,,,,,Mairie,05 31 22 93 00,mdc.est@mairie-toulouse.fr,
RH_fiche_346_,,,31,Toulouse,,Pole Emploi Jolimont,,31500,,,,,,,Pôle Emploi,,,
RH_fiche_347_,,,31,Toulouse,,Mediathèque Serveyrolles,,31500,,,,,,,,,,
RH_fiche_348_,,,31,Toulouse,,Point Information Jeunesse Jolimont,,31500,,,,,,,,,,
RH_fiche_349_,,,31,Toulouse,,PRCP,,,2 allée du vignemale,,,,Association,,Association,05 61 15 43 44,prcp@wanadoo.fr,
RH_fiche_350_,,,31,Toulouse,,Apprentis d'Auteuil,,,,,,,Association,,Association,,,
RH_fiche_351_,,,31,Toulouse,,Ensemble à tout âge,,,,,,,Association,,Association,,,
RH_fiche_352_,,,31,Toulouse,,ADVITAM,,,,,,,Association,,Association,,,
RH_fiche_353_,,,31,Toulouse,,Association,,,,,,,Association,,Association,,,
RH_fiche_354_,,,31,Toulouse,,CHRS de Fages,,,,,,,Association,,Association,,,
RH_fiche_355_,,,31,Toulouse,,ADPAM,,,,,,,Association,,Association,,,
RH_fiche_356_,,,31,Toulouse,,CSF Le Cabri,,,,,,,Association,,Association,,associationlecabri@laposte.net,
RH_fiche_357_,,,31,Toulouse,,Bell’Arc en Ciel,,,,,,,Association,,Association,,bellarcenciel@wanadoo.fr,
RH_fiche_358_,,,31,Toulouse,,APSAR,,,,,,,Association,,Association,05 61 58 24 63,,
RH_fiche_359_,,,31,Toulouse,,A.I.R.S,,,,,,,Association,,Association,09 71 30 75 86,,
RH_fiche_360_,,,31,Toulouse,,Tisseo ?,,,,,,,,,Entreprise,,,
RH_fiche_361_,,,31,Toulouse,,Accueil Amouroux,,,,,,,,,Mairie,,accueil.amouroux@mairie-toulouse.fr,
RH_fiche_362_,,,31,Toulouse,,Accueil Soupetard,,,,,,,,,Mairie,,Accueil.SOUPETARD@mairie-toulouse.fr,
RH_fiche_363_,,,31,Toulouse,,Maison de la citoyenneté Est,,,,,,,,,Mairie,,Mdc.Est@mairie-toulouse.fr,
RH_fiche_364_,,,31,Toulouse,,Maison de la citoyenneté Nord,,,,,,,,,Mairie,,mdc.nord@mairie-toulouse.fr,
RH_fiche_365_,,,31,Toulouse,,Maison de la citoyenneté Rive Gauche,,,,,,,,,Mairie,,mdc.rive-gauche@mairie-toulouse.fr,
RH_fiche_366_,,,31,Toulouse,,Maison de la citoyenneté Sud Est,,,,,,,,,Mairie,,mdc.sud-est@mairie-toulouse.fr,
RH_fiche_367_,,,31,Toulouse,,Point Information Mairie Serveyrolles,,,,,,,,,Mairie,05 61 22 22 39,,
RH_fiche_368_,,,31,Toulouse,,Association Lieu Ressource Formation (LRF),,,,,,,,,,,,
RH_fiche_369_,,,31,Toulouse,,Planning Familial,,,,,,,,,,,,
RH_fiche_370_,,,31,Toulouse,,Club de Prévention ASETE,,,,,,,,,Collectivites,,,
RH_fiche_371_,,,31,Toulouse,,Bibliothèque Roseraie,,,,,,,,,,,,
RH_fiche_372_,,,31,Toulouse,,NB Com',,,,,,,,,,,,
RH_fiche_373_,,,31,Toulouse,,CRIJ,,,,,,,,,Collectivites,,,
RH_fiche_374_,,,31,Toulouse,,SAVIM,,,,,4332049,37 906,,,,,,
RH_fiche_375_,,,31,Toulouse,,ASETE,,,,,,,,,,,,
RH_fiche_376_,,,31,Toulouse,,Mairie annexe Roseraie,,,,,,,,,,05 31 22 93 10,,
RH_fiche_377_,,,31,Toulouse,,Mairie annexe Bonnefoy,,,,,,,,,,05 61 22 22 32,,
RH_fiche_378_,,,31,Toulouse,,Cap Nomade,,,,,4338676,54 881,Association,,Association,06 01 99 36 23 ou 09 50 94 58 16,capnomade@gmail.com,http://www.capnomade.org/formations/
RH_fiche_379_,,,31,Toulouse,,LA FABRIQUE SOLIDAIRE DES MINIMES (FA SOL MI),,31200,1  rue Van Dyck,,,,PRV. ASSOCIATION,Association,,05 67 00 66 73 - 06 26 92 28 59,direction@lafabriquesolidaire.org,
RH_fiche_380_,,,31,Toulouse,,LA CANTINE QUAI DES SAVOIRS,,31000,39 Allées Jules Guesdes,,,,PRV. ASSOCIATION,LA MELEE,,06 07 05 19 70,p.cointepas@lamelee.com,
RH_fiche_381_,,,31,Toulouse,,NOVA MELEE AUBUISSON,,31000,27 Rue d’Aubuisson,,,,PRV. ASSOCIATION,LA MELEE,,06 07 05 19 70,p.cointepas@lamelee.com,
RH_fiche_382_,,,31,Toulouse,,EMERGENCE PLUS - DYNAMIQUE TOULOUSE NORD,,31200,2 rue Ernest Renan,,,,PRV. ASSOCIATION,EMERGENCE PLUS,,05 34 51 63 70,contact@emergence-plus.com,
RH_fiche_383_,,,31,Toulouse,,ARTILECT,,31300,27 bis allée Maurice Sarraut,,,,PRV. ASSOCIATION,ASSOCIATION ARTILECT,,,nicolas.lassabe@artilect.fr,
RH_fiche_384_,,,31,Toulouse,,FABLAB LE PROPULSEUR,,31400,39 Allées Jules Guesde,,,,PRV. ASSOCIATION,ASSOCIATION SCIENCES ANIMATION,,,johan.langot@science-animation.org,
RH_fiche_385_,,,31,Toulouse,,ETINCELLE COWORKING TOULOUSE,,31300,2  rue d'Austerlitz,,4375719,301 926,PRV. SARL,SARL ETINCELLE TOULOUSE,,05 64 88 01 30 - 06 25 02 44 11,sebastien@etincelle-coworking.com,
RH_fiche_386_,,,31,Toulouse,,Ô LOCAL,,31500,8  impasse Bonnet,,438682,1 500 555,PRV. SAS,NOFOMO,,09 52 91 10 10 - 06 49 88 39 79,contact@olocal.fr,
RH_fiche_387_,,,31,Toulouse,,HARRYCOW,,31000,13 rue Sainte Ursule,,,,PRV. SAS,HARRYCOW,,06 75 43 56 69,harry.coworking@gmail.com,
RH_fiche_388_,,,31,Toulouse,,TL LES IMAGINATIONS FERTILES,,31300,27 bis Allées Maurice Sarraut,,,,PRV. SCIC,LES IMAGINATIONS FERTILES,,06 75 55 72 08,a.gaigneux@imaginationsfertiles.fr,
RH_fiche_389_,,,31,Toulouse,,Association Diapason,,31100,,,,,Association,,,,,
RH_fiche_390_,,,31,Toulouse,,Foyer Jeune Travailleur Jolimont,,31500,,,,,,,,05 34 30 42 80,,
RH_fiche_391_,,,31,Toulouse,,TO7,,,,,,,Association,,Association,,to7@to7.org,
RH_fiche_392_,,,31,Tournefeuille,,Mediatheque Tournefeuille,,31170,3 impasse Max Baylac,,,,,,Mairie,05 62 13 21 78,ecm@mairie-tournefeuille.fr,http://www.mairie-tournefeuille.fr/
RH_fiche_393_,,,31,Tournefeuille,,AGEAH - Maison des Associations Tournefeuille,,,,,,,,,,,,
RH_fiche_394_,,,65,Trie sur baïse,,Espace Public Informatique,,65220,31 place de la mairie,,,,,,,05 62 35 06 09,communication@ccptm.fr,
RH_fiche_395_,,,65,Trie sur baïse,,restos du cœur,,65220,3 place de la Mairie,,,,Association,,,,,
RH_fiche_396_,,,65,Trie sur baïse,,MSAP,,65220,31 place de la mairie,,,,,,,05 62 35 66 00,communication@ccptm.fr,
RH_fiche_397_,,,65,Trie sur baïse,,Coteaux,PETR des coteaux,65220,31 Place de la Mairie,,,,,,Collectivité,,pointpublic.coteaux@orange.fr,
RH_fiche_398_,,,65,Trie sur baïse,,EPI de Trie sur Baïse,,65220,,,,,,,,,epi.trie@wanadoo.fr,
RH_fiche_399_,,,31,Venerque,,Service Jeunesse Léo Lagrange Venerque,,31810,14  avenue du Mont Frouzi,,,,,,Mairie,,,https://www.facebook.com/Service-Jeunesse-CCLAG-177831365607843/
RH_fiche_400_,,,65,Vic en Bigorre,,Maison des Jeunes et de la Culture,,65500,17 Rue Barère de Vieuzac,,,,,,FIGO Centre social,05 62 31 61 00 / 06 52 96 20 05,,www.mjcvic.fr
RH_fiche_401_,,,65,Vic en Bigorre,,Vic-en-Bigorre,CC Adour Madiran,65500,21 Place du Corps Franc Pommies,,,,,,Collectivité,,,
RH_fiche_402_,,,65,Vic en Bigorre,,Restos du Cœur,,65500,17 rue Barrère de Vieuzac,,,,Association,,Association,,,
RH_fiche_403_,,,65,Vic en Bigorre,,Communauté de communes Adour Madiran Pôle de Services Publics,,65500,MSAP 21 place Corps Franc pommiès,,,,Collectivités,,,05 62 31 68 84,contact@adour-madiran.fr,
RH_fiche_404_,,,65,Vic en Bigorre,,Maison Départementale de la Solidarité,,65500,445 avenue J Fourcade,,,,Collectivités,,,05 62 96 74 23,,
RH_fiche_405_,,,65,Vic en Bigorre,,MJC,,65500,17 rue Barrère de Vieuzac,,,,,,,05 62 31 61 00,,
RH_fiche_406_,,,65,Vic en Bigorre,,Médiathèque Adour Madiran,,65500,Quai Rossignol,,,,,,,05 62 43 05 25,,
RH_fiche_407_,,,32,Vic Fezensac,,Vic Accueil,,32190,13 Rue Jean Jaurès,,,,,,FIGO Centre social,,,http://www.vic-accueil.fr
RH_fiche_408_,,,32,Vic Fezensac,,Artagnan en Fezensac,Communauté de Communes Artagnan en Fezensac,32190,18 Rue des Cordeliers,,,,,,Collectivité,,ccommunes.dartagnan.fezensac@wanadoo.fr,
RH_fiche_409_,,,31,Villemur sur tarn,,Val Aïgo - Villemur-sur-Tarn,Communauté de communes Val'Aïgo,31340,2 avenue Saint Exupéry,,,,,,Collectivité,,cias@valaigo.fr,
RH_fiche_410_,,,11,,,Event Orizon,,,,,,,,,,,,
RH_fiche_411_,,,11,,,Tiers-lieu « l’oppidum »,,,,,,,,,,,epops-biodiversite@laposte.net,
RH_fiche_412_,,,11,,,MEDIATHEQUE GRAIN D’SEL,,,,,,,,,,,mediatheque@caracassonne-agglo.fr,
RH_fiche_413_,,,11,,,Maison de Services au Public de Chalabre,,,,,,,,,MSAP,,msap.chalabre@laposte.fr,
RH_fiche_414_,,,11,,,Maison de Services au Public d’Axat,,,,,,,,,MSAP,,msap.axat@laposte.fr,
RH_fiche_415_,,,11,,,Maison de Services au Public de Belcaire,,,,,,,,,MSAP,,msap.belcaire@laposte.fr,
RH_fiche_416_,,,11,,,Maison de Services au Public de Belvèze-du-Razès,,,,,,,,,MSAP,,msap.belveze-du-razes@laposte.fr,
RH_fiche_417_,,,11,,,Maison de Services au Public de Couiza,,,,,,,,,MSAP,,msap.couiza@laposte.fr,
RH_fiche_418_,,,11,,,Maison de Services au Public de Villasavary,,,,,,,,,MSAP,,mairie-de-villasavary@wanadoo.fr,
RH_fiche_419_,,,11,,,Maison des Potes,,,,,,,,,,,mdpnarbonne11@gmail.com,
RH_fiche_420_,,,11,,,L'Arche,,,,,,,,,,,arche.narbonne@gmail.com,
RH_fiche_421_,,,11,,,Centre Social et Culturel NELSON MANDELA,,,,,,,,,Centre social,,centresocialnarbonne@gmail.com,
RH_fiche_422_,,,11,,,EPN Ecole de la seconde chance,,,,,,,,,,,,
RH_fiche_423_,,,11,,,MAISON DIGITALE DU CIDFF,,,,,,,,,,,lri.narbonne@cidff.fr,
RH_fiche_424_,,,11,,,LA BULLE DU WEB (WAW-coworking)),,,,,,,,,,,hello@labulleweb.com,
RH_fiche_425_,,,11,,,Ecole de la 2ème Chance Régionale,,,,,,,,,,,er2c@ligue11.org,
RH_fiche_426_,,,11,,,Maison de services au public Caunes-Minervois,,,,,,,,,MSAP,,msap.caunes-minervois@laposte.fr,
RH_fiche_427_,,,11,,,Maison de services au public Durban-Corbières,,,,,,,,,MSAP,,msap.durban-corbieres@laposte.fr,
RH_fiche_428_,,,11,,,Office de Tourisme Intercommunal au Cœur des Collines Cathares,,,,,,,,,Collectivites,,tourisme@ccplm.fr,
RH_fiche_429_,,,11,,,Médiathèque Municipale de Palaja,,,,,,,,,,,,
RH_fiche_430_,,,11,,,Médiathèque d'Alzonne,,,,,,,,,,,mediatheque@carcassonne-agglo.fr,
RH_fiche_431_,,,11,,,Maison de services au public - Piemont d'Alaric,,,,,,,,,MSAP,,msap@piemont-alaric.fr,
RH_fiche_432_,,,11,,,Le Chai : Espace culturel,,,,,,,,,,,lechai@piemont-alaric.fr,
RH_fiche_433_,,,11,,,Mairie d'Axat,,,,,,,,,,,mairie.axat@axat.fr,
RH_fiche_434_,,,11,,,Médiathèque du Pays de Sault,,,,,,,,,,,media.espezel@gmail.com,
RH_fiche_435_,,,11,,,Bibliothèque Municipale de Chalabre,,,,,,,,,,,epn@pyreneesaudoises.fr,
RH_fiche_436_,,,11,,,Médiathèque d'Espéraza,,,,,,,,,,,bibliotheque_esperaza@Yahoo.fr,
RH_fiche_437_,,,11,,,Maison de services au public POM'S de Villerouge-Termenès,,,,,,,,,MSAP,,poms.villerouge@orange.fr,
RH_fiche_438_,,,11,,,Maison de services au public Tuchan,,,,,,,,,MSAP,,msap.tuchan@laposte.fr,
RH_fiche_439_,,,11,,,Médiathèque de Trèbes,,,,,,,,,,,bibliotheque-trebes@wanadoo.fr,
RH_fiche_440_,,,11,,,Médiathèque de Saint-Laurent de la Cabrerisse,,,,,,,,,,,mediathequeslc11@orange.fr,
RH_fiche_441_,,,11,,,Médiathèque Milcom de Saint-André de Roquelongue,,,,,,,,,,,mediatheque-st-andre@wanadoo.fr,
RH_fiche_442_,,,11,,,Espace Public Numérique de la MLIDR11 Limoux,,,,,,,,,,,mli.dr11@wanadoo.fr,
RH_fiche_443_,,,11,,,Maison de services au public POM'S Laroque de Fa,,,,,,,,,MSAP,,poms.laroquedefa@orange.fr,
RH_fiche_444_,,,11,,,Maison de services au public POM'S de Lanet,,,,,,,,,MSAP,,poms.lanet@orange.fr,
RH_fiche_445_,,,11,,,ADHCo Centre Social,,,,,,,,,Centre social,,adhco.developpement@orange.fr,
RH_fiche_446_,,,11,,,Maison de services au public POM'S de Mouthoumet,,,,,,,,,MSAP,,poms.mouthoumet@orange.fr,
RH_fiche_447_,,,11,,,Maison de services au public POM'S de Félines-Termenès,,,,,,,,,MSAP,,poms.felines@orange.fr,
RH_fiche_448_,,,11,,,Mission Locale Ouest Audois,,,,,,,,,,,accueil.castelnaudary@mloa.fr,
RH_fiche_449_,,,11,,,Médiathèque Georges Canguilhem,,,,,,,,,,,mediatheques@cccla.fr,
RH_fiche_450_,,,11,,,Espace de co-oworking : L'Alpha'[R],,,,,,,,,,,rmine@carcassonne-agglo.fr,
RH_fiche_451_,,,11,,,Ateliers Canopé,,,,,,,,,,,contact.atelier11@reseau-canope.fr,
RH_fiche_452_,,,31,,,Adens,,,,,,,Entreprise,,Entreprise,,,http://adens.org/qui-sommes-nous/
RH_fiche_453_,,,31,,,Point info famille,,,,,,,,,,,,
RH_fiche_454_,,,31,,,DigiJeunes,,,,,,,,,,,,
RH_fiche_455_,,,31,,,centre culturel des chamois,,,,,,,,,Centre social,,accueil.chamois@mairie-toulouse.fr,
RH_fiche_456_,,,31,,,Pavillon Sauvages,,,,,,,,,,,,
RH_fiche_457_,,,32,,,Cultures portes de gascogne,,,,,,,Association,,Association,,,
RH_fiche_458_,,,32,,,Kopané,,,,,,,,,,,,
RH_fiche_459_,,,32,,,Accueil jeunes de Gimont,,,,,,,,,,,,