rh_id,departement,ville,nom,num_ref_struct,code_postal,adresse,adresse_suite,geo_,geo_bis,type_structure,rattachement,telephone_structure,email_structure,site_internet,lundi,mardi,mercredi,jeudi,vendredi,samedi,dimanche,date_maj,public_actions,conditions_acces,type_mediation,public_si_different
RH_fiche_1_,31,Toulouse,Bibliotheque Grand M,,31000,37 avenue de la Reynerie,,,,Bibliothèque,Collectivités,05 81 91 79 40,,www.bibliotheque.toulouse.fr,,,,,,,,Decembre 2019,,,ORD,
RH_fiche_2_,31,Toulouse,Combustible numérique,,31000,,,,,Association,Association,,contact@combustible.fr,,,,,,,,,Decembre 2019,,,COMP,
RH_fiche_3_,31,Toulouse,Trajectoire vers l'emploi,,31000,,,,,Association,Association,,,,,,,,,,,Decembre 2019,,,,
RH_fiche_4_,31,Toulouse,Lieu Ressource Formation,,31000,,,,,Association,Association,,,,,,,,,,,Decembre 2019,,,,
RH_fiche_5_,31,Toulouse,7 notre quartier,,31000,,,,,Association,Association,,,,,,,,,,,Decembre 2019,,,,
RH_fiche_6_,31,Toulouse,CSF – Section Mirail,,31000,14 cheminement le Tintoret,,,,Association,Association,,,www.csfmirailblf.wixsite.com/csfmirail,,,,,,,,Decembre 2019,,,,
RH_fiche_7_,31,Toulouse,ADPAM,,31000,,,,,Association,Association,,,,,,,,,,,Decembre 2019,,,,
RH_fiche_8_,31,Toulouse,Mieux Vivre Ensemble à la Gloire,,31000,2 rue du général Baurot,,,,Association,Association,,,,,,,,,,,Decembre 2019,,,,
RH_fiche_9_,31,Toulouse,Mission Locale,,31000,,,,,Association,Association,,,,,,,,,,,Decembre 2019,,,,
RH_fiche_10_,31,Toulouse, ASTREE,,31000,,,,,Association,Association,,,,,,,,,,,Decembre 2019,,,,
RH_fiche_11_,31,Toulouse,La case de santé,,31000,17 place Arnaud Bernard,,,,Association,Association,05 61 23 62 35,contact@casedesante.org,http://casedesante.org/lacase_horaires.html,,,,,,,,Decembre 2019,,,,
RH_fiche_12_,31,Toulouse,AFEV,,31000,,,,,Association,Association,,pole.toulouse@afev.org ,,,,,,,,,Decembre 2019,,,,
RH_fiche_13_,31,Toulouse,Café social,,31000,38 rue Roquelaine,,,,Association,Association,06 18 57 02 52,,,,,,,,,,Decembre 2019,,,,
RH_fiche_14_,31,Toulouse,Mairie de quartier de Serveyrolles – Soupetard,,31000,,,,,Mairie de quartier,Mairie,,,,,,,,,,,Decembre 2019,,,,
RH_fiche_15_,31,Toulouse,Maison de la citoyenneté Centre,,31000,5 rue Paul Mériel,,,,Maison de la citoyenneté,Mairie,,,,,,,,,,,Decembre 2019,,,,
RH_fiche_16_,31,Toulouse,CCAS,,31000,2 bis rue de belfort,,,,,Mairie,05 61 58 85 85,,,,,,,,,,Decembre 2019,,,,
RH_fiche_17_,31,Toulouse,Centre d'Animation Soupetard,,31000,,,,,,,,,,,,,,,,,Decembre 2019,,,,
RH_fiche_18_,31,Toulouse,MediPass,,31000,,,,,,,,medipass@free.fr,,,,,,,,,Decembre 2019,,,,
RH_fiche_19_,31,Toulouse,SAVIF,,31000,,,,,,,,savifs@free.fr,,,,,,,,,Decembre 2019,,,,
RH_fiche_20_,31,Toulouse,CPAM Bagatelle,,31100,33 rue du Lot,,,,,CPAM,,,ameli.fr,,,,,,,,Decembre 2019,,,ORDM,
RH_fiche_21_,31,Toulouse,Partage Faourette,,31100,13 rue de l'ukraine,,,,,FIGO Centre social,05 34 60 13 16,,,,,,,,,,Decembre 2019,,,ORDM,
RH_fiche_22_,31,Toulouse,Pôle Emploi La Cepiere,,31100,4 Chemin du Pigeonnier de Cepière,,,,,Pôle Emploi,39 49,,www.pole-emploi.fr,,,,,,,,Decembre 2019,,,ORDM,
RH_fiche_23_,31,Toulouse,"Pôle Emploi
Bellefontaine",,31100,63 allées de Bellefontaine,,,,,Pôle Emploi,39 49,,www.pole-emploi.fr,,,,,,,,Decembre 2019,,,ORDM,
RH_fiche_24_,31,Toulouse,APSEM,,31100,3 rue Erik SATIE BP 35711,31057 Toulouse cedex 1,,,,Association,05 34 60 39 40,apsem2@wanadoo.fr,http://apsem-formation.fr/,8H - 17 h ,8H - 17 h ,8H - 17 h ,8H - 17 h ,8H - 17 h ,8H - 17 h ,,Decembre 2019,,,COMP,
RH_fiche_25_,31,Toulouse,Bell'Arc en Ciel,,31100,14 passage G Duhamel,Apt 299,,,,Association,09 66 82 55 84,assobellarcenciel@gmail.com,,,,,,,,,Decembre 2019,,,ACCDS,
RH_fiche_26_,31,Toulouse,Maison des Solidarites,,31100,9 rue du Doyen Lefebvre,,,,,Conseil Départemental,,,,,,,,,,,Decembre 2019,,,ACCDS,
RH_fiche_27_,31,Toulouse,Regie de quartier Bellefontaine Services,,31100,41 rue Rimont,,,,,Association,09 53 17 88 71,bellefontaine.toulouse@cnlrq.org,www.bellefontaine-services.com,,,,,,,,Decembre 2019,,,ACCN,
RH_fiche_28_,31,Toulouse,Conciergerie solidaire Desbals services,,31100,135 rue henri desbals,,,,,Association,05 62 14 12 55,desbals-services@wanadoo.fr,,,,,,,,,Decembre 2019,,,ACCN,
RH_fiche_29_,31,Toulouse,Les imaginations fertiles,,31100,,,,,,Association,05 61 40 92 16,,,,,,,,,,Decembre 2019,,,,
RH_fiche_30_,31,Toulouse,Assos,,31100,,,,,,Association,,,,,,,,,,,Decembre 2019,,,,
RH_fiche_31_,31,Toulouse,"Regie de quartier
Reynerie Services",,31100,14 avenue  Winston Churchill,,,,,Association,,reynerie-toulouse@cnlrq.org,www.reynerie-services.com,,,,,,,,Decembre 2019,,,,
RH_fiche_32_,31,Toulouse,Asso,,31100,,,,,,Association,,,,,,,,,,,Decembre 2019,,,,
RH_fiche_33_,31,Toulouse,Alliances et Cultures MUP,,31100,14 chemin du Mirail,,,,,Association,05 61 44 67 63,accueil.mup@alliancesetcultures.org,,,,,,,,,Decembre 2019,,,,
RH_fiche_34_,31,Toulouse,Mission Locale Mirail,,31100,,,,,,Association,,,,,,,,,,,Decembre 2019,,,,
RH_fiche_35_,31,Toulouse,Lien horizon danse,,31100,,,,,,Association,,,,,,,,,,,Decembre 2019,,,,
RH_fiche_36_,31,Toulouse,Maison de l'initiative,,31100,,,,,,Association, 05 34 63 81 10 ,,,,,,,,,,Decembre 2019,,,,
RH_fiche_37_,31,Toulouse,N pays Okhan,,31100,,,,,,Association,,,,,,,,,,,Decembre 2019,,,,
RH_fiche_38_,31,Toulouse,Parle avec elles,,31100,2 rue Jean Gilles,,,,,Association,,,,,,,,,,,Decembre 2019,,,,
RH_fiche_39_,31,Toulouse,L'Ecole et Nous,,31100,10 cheminement Le Tintoret,,,,,Association,,assoecoleetnous@gmail.com,www.ecoleetnous.wixsite.com,,,,,,,,Decembre 2019,,,,
RH_fiche_40_,31,Toulouse,Bas d'immeubles,,31100,3 chemin Vincent d'Indy,,,,,Association,05.62.14.19.70 / 09 72 83 40 47,bas.im@wanadoo.fr,,,,,,,,,Decembre 2019,,,,
RH_fiche_41_,31,Toulouse,Voir et comprendre,,31100,,,,,,Association,,voir.comprendre@voiretcomprendre.fr,,,,,,,,,Decembre 2019,,,,
RH_fiche_42_,31,Toulouse,Centre social municipal Bellefontaine Lafourguette,,31100,3 impasse Foulquier,,,,,Centre social,,,,,,,,,,,Decembre 2019,,,,
RH_fiche_43_,31,Toulouse,Centre social alliances & Cultures Mirail rive droite,,31100,2 cheminement andré messager,,,,,Centre social,05 61 44 67 63,,,,,,,,,,Decembre 2019,,,,
RH_fiche_44_,31,Toulouse,"Centre social
CAF Reynerie",,31100,15 place Abbal,,,,,Centre social,,,,,,,,,,,Decembre 2019,,,,
RH_fiche_45_,31,Toulouse,Espaces Seniors Connectes,,31100,14 place Abbal,,,,,Collectivites,,,,,,,,,,,Decembre 2019,,,,
RH_fiche_46_,31,Toulouse,PIJ Mirail,,31100,6 chemin Edgar Varese,,,,,,05 61 72 45 37,mespij.toulouse@crij.org,www.ij-mirail.org,,,,,,,,Decembre 2019,,,,
,31,,Association Diapason,,31100,,,,,,,,,,,,,,,,,Decembre 2019,,,,
RH_fiche_48_,31,Toulouse,PIJ,,31100,,,,,,,,,,,,,,,,,Decembre 2019,,,,
RH_fiche_49_,31,Toulouse,MCEF,,31100,57 allées de Bellefontaine,,,,,,,,,,,,,,,,Decembre 2019,,,,
RH_fiche_50_,31,Bagnères de Luchon,31 SARLUC,,31110,,,,,,,,31sarluc@ac-toulouse.fr,,,,,,,,,Decembre 2019,,,,
RH_fiche_51_,31,Bagnères de Luchon,MJC,,31110,,,,,,,,luchon@mjc-midi-pyrenees.com,,,,,,,,,Decembre 2019,,,,
RH_fiche_52_,31,Balma,Foyer Expérimental Pierre Ribet,,31130,,,,,,,,,,,,,,,,,Decembre 2019,,,,
RH_fiche_53_,31,Fenouillet ,Association Femmes du Monde,,31150,,,,,,FIGO Centre social,,,,,,,,,,,Decembre 2019,,,,
RH_fiche_54_,31,Arbas ,Bibliothèque municipale,,31160,,,,,,,,,,,,,,,,,Decembre 2019,,,,
RH_fiche_55_,31,Tournefeuille,Mediatheque Tournefeuille,,31170,3 impasse Max Baylac,,,,,Mairie,05 62 13 21 78,ecm@mairie-tournefeuille.fr,http://www.mairie-tournefeuille.fr/,,,,,,,,Decembre 2019,,,,
RH_fiche_56_,31,Auterive,Le foyer Auterive,,31190,1  place du Maréchal Leclerc ,,,,,FIGO Centre social,,,centresocialauterive.fr,,,,,,,,Decembre 2019,,,SENS,
RH_fiche_57_,31,Auterive,Communauté de commune bas armagnac,,31190,,,,,,Collectivités,05 61 50 99 00,info@cc-basarmagnac.fr,,,,,,,,,Decembre 2019,,,,
RH_fiche_58_,31,Puydaniel,Solidarité Numérique CCAS,,31190,,8  avenue des Pyrénées ,,,,Mairie,05 61 50 72 44, mairiepuydaniel@wanadoo.fr,https://www.mairie-puydaniel.fr/,,,,,,,,Decembre 2019,TP,Libre,ORDM,
RH_fiche_59_,31,Miremont,Médiathèque ,,31190,,Place Carreties,,,,,05 61 50 67 05,biblio.miremont@wanadoo.fr ,,,,,,,,,Decembre 2019,,,ORD,Habitants
RH_fiche_60_,31,Auterive,Médiathèque municipale,,31190,,780 Route d'Espagne,,,,,05 82 95 45 75,direction.mediatheque@auterive-ville.fr mediatheque@auterive-ville.fr,,,,,,,,,Decembre 2019,,,ORD,TP
RH_fiche_61_,31,Auterive,Communauté de communes de bassin auterivain,,31190,ZI Robert Lavigne  RD 820,,,,,Collectivités,05 61 50 99 00,,http://annuaire.auterive31.fr/front/index.php?membre=1687,,,,,,,,Decembre 2019,,,ACCDS,TP
RH_fiche_62_,31,Toulouse,MDS Borderouge,,31200,4 rue françoise d'eaubonne,Bat A,,,,Conseil Départemental,05 34 36 17 00,,,,,,,,,,Decembre 2019,,,ORD,
RH_fiche_63_,31,Toulouse,La fabrique solidaire,,31200,local des Mazades 29 bis avenue des Mazades,,,,,Association,05 61 25 38 28,,www.lafabriquesolidaire.org,9h30 - 12h30 et 13h30 - 17h,9h30 - 12h30 et 13h30 - 17h,9h30 - 12h30 et 13h30 - 17h,9h30 - 12h30 et 13h30 - 17h,9h30 - 12h30 et 13h30 - 17h,9h30 - 12h30 et 13h30 - 17h,,Decembre 2019,,,ORDM,
RH_fiche_64_,31,Toulouse,Pole Emploi Borderouge,,31200,6 rue françoise d'eaubonne,Bat C,,,,Pôle Emploi,,,www.pole-emploi.fr,,,,,,,,Decembre 2019,,,ORDM,
RH_fiche_65_,31,Toulouse,Parole expression,,31200,19 rue Marc Arcis,,,,,Association,05 82 95 67 80,,paroleexpression.fr,,,,,,,,Decembre 2019,Etranger,,ACCDA,
RH_fiche_66_,31,Toulouse,MDS Minimes,,31200,33 rue joseph jacquard,,,,,Conseil Départemental,05 62 72 77 80,,,,,,,,,,Decembre 2019,,,ACCDA,
RH_fiche_67_,31,Toulouse,Secours populaire,,31200,147 avenue des etats unis,,,,,Association,05 34 40 34 40,,,,,,,,,,Decembre 2019,,,,
RH_fiche_68_,31,Toulouse,Secours catholique,,31200,place du marche aux cochons,,,,,Association,05 34 25 67 40,,,,,,,,,,Decembre 2019,,,,
RH_fiche_69_,31,Toulouse,PIJ Quartier Nord,,31200,118 Boulevard Pierre et Marie Curie,,,,,Association,05 62 72 23 78,cyberbasetoulousenord@orange.fr,http://www.pijtoulousenord.org,,,,,,,,Decembre 2019,,,,
RH_fiche_70_,31,Toulouse,Entr'act solidarite,,31200,148 avenue de fronton,,,,,Association,05 61 55 59 26,,,,,,,,,,Decembre 2019,,,,
RH_fiche_71_,31,Toulouse,Mission Locale Antenne quartier nord,,31200,1 rue ernest renan,,,,,Association,05 61 57 59 92,,,,,,,,,,Decembre 2019,,,,
RH_fiche_72_,31,Toulouse,Centre social Alliances & Cultures Cap Nord,,31200,12 rue Clouet,,,,,Centre social,05 61 13 35 96,alliancesetculturesnord@yahoo.fr,www.alliancesetcultures.ouvaton.org,,,,,,,,Decembre 2019,,,,
RH_fiche_73_,31,Toulouse,CCPS et CARMI,,31200,44 chemin des izards,,,,,Centre social,05 62 72 48 50,clshp@ccpst.org carmi@ccpst.org,,,,,,,,,Decembre 2019,,,,
RH_fiche_74_,31,Toulouse,Alliances et Cultures Les Troênes,,31200,69 rue des Troênes,,,,,Centre social,05 61 57 14 71,,,,,,,,,,Decembre 2019,,,,
RH_fiche_75_,31,Toulouse,Antenne CCPS Picarel,,31200,26 allées Django Reinhard,,,,,Centre social,05 61 70 45 62,,,,,,,,,,Decembre 2019,,,,
RH_fiche_76_,31,Toulouse,Antenne CCPS Les Chênes,,31200,49 rue des mésanges,,,,,Centre social,05 62 75 46 29,,,,,,,,,,Decembre 2019,,,,
RH_fiche_77_,31,Toulouse,Centre social Izards/Borderouge,,31200,1 place Micoulaud,,,,,FIGO Centre social,05 67 04 14 80,,,,,,,,,,Decembre 2019,,,COMP,TP
RH_fiche_78_,31,Toulouse,MJC Croix-Daurade,,31200,,,,,,,,,http://www.mjccroixdaurade.fr/,,,,,,,,Decembre 2019,,,,
RH_fiche_79_,31,Montrejeau,SARAPP Montrejeau,,31210,,,,,,,,,,,,,,,,,Decembre 2019,,,,
RH_fiche_80_,31,Clarac,foyer rural Clarac,,31210,Chemin de Sainte Anne,,,,,Association,05 61 89 70 64,foyer-rural-clarac@orange.fr,http://www.foyerruralclarac.org/accueil.html,,,,,,,,Decembre 2019,,,COMP,TP
RH_fiche_81_,31,Cazères, Maison Pour tous,,31220,6 rue des Capucins,,,,,FIGO Centre social,,,www.mptcazeres.fr,,,,,,,,Decembre 2019,TP,Libre,COMP,
RH_fiche_82_,31,Saint-Jean,MJC Les Granges / Saint Jean,,31240,33 route d'Albi,ter,,,,,05 32 09 67 50,,https://www.mairie-saintjean.fr/les-granges/,,,,,,,,Decembre 2019,,,ORDM,
RH_fiche_83_,31,Saint-Jean,Centre Social Les Granges / Saint Jean,,31240,33 route d'Albi,ter,,,,FIGO Centre social,05 32 09 68 37,,https://www.mairie-saintjean.fr/les-granges/,,,,,,,,Decembre 2019,,,ACCN,
RH_fiche_84_,31,Toulouse,CSF Cugnaux,,31270,,,,,,,,,,,,,,,,,Decembre 2019,,,,
RH_fiche_85_,31,Toulouse,MDS Castanet-Tolosan,,31300,68 avenue de Lauragais,,,,,Conseil Départemental,05 62 71 91 80,,,,,,,,,,Decembre 2019,,,ACCDA,
RH_fiche_86_,31,Toulouse,Centre Social – ASSQOT,,31300,18 rue Vincent Scotto,,,,,Centre social,,,www.assqot.com,,,,,,,,Decembre 2019,,,,
RH_fiche_87_,31,Toulouse,Centre social annexe  Arenes romaines,,31300,107 avenue des Arènes Romaines,,,,,Centre social,05 61 16 09 46,,,,,,,,,,Decembre 2019,,,,
RH_fiche_88_,31,Toulouse,CCPS Hameau de fleurance,,31300,12 impasse benozzi,,,,,Centre social,05 62 72 48 50,,,,,,,,,,Decembre 2019,,,,
RH_fiche_89_,31,Montbrun Bocage,L'ordinateur facile,,31310,3 rue du Rebarat,,,,,Association,06 51 91 40 96,lordinateurfacile@gmail.com,http://www.lordinateurfacile.fr/,9 h - 14 h,9 h - 14 h,9 h - 14 h,9 h - 14 h,9 h - 14 h,9 h - 14 h,,Decembre 2019,,,ORDM,
RH_fiche_90_,31,Merville,Centre Social de Merville / CCAS,,31330,50 rue du 19 mars 1962,,,,,FIGO Centre social,05 62 13 40 95,,,,,,,,,,Decembre 2019,,,ORD,TP
RH_fiche_91_,31,Toulouse,Point Infomartions Jeunesse Empalot,,31400,,,,,,Mairie,,,,,,,,,,,Decembre 2019,,,ORD,
RH_fiche_92_,31,Toulouse,Mediatheque Empalot,,31400,40 avenue jean moulin,,,,,Mairie,,,,,,,,,,,Decembre 2019,,,ORD,
RH_fiche_93_,31,Toulouse,maison des citoyennetes Niel,,31400,81 rue saint roch,,,,,Mairie,,,,,,,,,,,Decembre 2019,,,ORD,
RH_fiche_94_,31,Toulouse,Bibliotheque Mediatheque Rangueil,,31400,19 rue claude forbin,,,,,Mairie,,,,,,,,,,,Decembre 2019,,,ORD,
RH_fiche_95_,31,Toulouse,Bib' Insa,,31400,135 avenue de rangueil,,,,,,,,,,,,,,,,Decembre 2019,,,ORD,
RH_fiche_96_,31,Toulouse,Bibliotheque Universitaire de Sciences,,31400,118 rte de narbonne,,,,,,,,,,,,,,,,Decembre 2019,,,ORD,
RH_fiche_97_,31,Toulouse,Avenir Nouvelle maison des chomeurs,,31400,115 rue bonnat,,,,,Association,05 34 31 33 11,avenir.toulouse@wanadoo.fr,https://maisondeschomeurs.org,9h-12h ,9h-12h ,9h-12h ,9h-12h ,9h-12h ,,,Decembre 2019,TP,,ORDM,
RH_fiche_98_,31,Toulouse,Maison Des Solidarités Empalot,,31400,32 allée henri sellier,,,,,Conseil Départemental,05 61 14 76 00,,,,,,,,,,Decembre 2019,,,ORDM,
RH_fiche_99_,31,Toulouse,Centre social Jean Moulin / Empalot  (CAF),,31400,38 avenue jean moulin,,,,,FIGO Centre social,05 34 31 94 42,,https://www.facebook.com/cs.empalot/,8h30 - 17h30,8h30 - 17h30,8h30 - 17h30,8h30 - 17h30,8h30 - 17h30,8h30 - 17h30,,Decembre 2019,TP,Libre,ORDM,
RH_fiche_100_,31,Toulouse,Mission Locale Empalot,,31400,1 place commerciale,,,,,Mairie,,,www.mltoulouse.org,,,,,,,,Decembre 2019,,,ORDM,
RH_fiche_101_,31,Toulouse,Pole emploi St Michel,,31400,2 avenue de l'urss,,,,,Pôle Emploi,,,,,,,,,,,Decembre 2019,,,ORDM,
RH_fiche_102_,31,Toulouse,Pole emploi La plaine,,31400,1 impasse rene couzinet,,,,,Pôle Emploi,,,,,,,,,,,Decembre 2019,,,ORDM,
RH_fiche_103_,31,Toulouse,Rangueil club de prevention,,31400,34 avenue de Rangueil,,,,,Collectivites,,,,,,,,,,,Decembre 2019,,,ORDM,
RH_fiche_104_,31,Toulouse,Centre Epide,,31400,3 avenue du professeur Joseph Ducuing ,,,,,,05 81 60 89 89,,www.epide.fr,,,,,,,,Decembre 2019,,,ORDM,
RH_fiche_105_,31,Toulouse,Rectorat,,31400,75 rue saint roch,,,,,Rectorat,,,,,,,,,,,Decembre 2019,,,ORDM,
RH_fiche_106_,31,Toulouse,MJC du Pont des demoiselles,,31400,,,,,,Association,,,,,,,,,,,Decembre 2019,,,COMP,
RH_fiche_107_,31,Toulouse,Relai 2A (association Le relai),,31400,15 rue du japon,,,,,Association,,,,,,,,,,,Decembre 2019,,,COMP,
RH_fiche_108_,31,Toulouse,GRETA,,31400,3 rue andré daste,,,,,Entreprise,,,,,,,,,,,Decembre 2019,,,COMP,
RH_fiche_109_,31,Toulouse,Ligue de l'enseignement,,31400,,,,,,Association,,,,,,,,,,,Decembre 2019,,,SENS,
RH_fiche_110_,31,Toulouse,La main à la pate,,31400,62 rue de Nîmes,,,,,Association,,,,,,,,,,,Decembre 2019,,,ACCDS,
RH_fiche_111_,31,Toulouse,Generations solidaires,,31400,30 avenue jean moulin,,,,,Association,,,,,,,,,,,Decembre 2019,,,ACCDS,
RH_fiche_112_,31,Toulouse,ASTRONEF,,31400,3 place des avions,,,,,Association,05 61 52 90 70,,,,,,,,,,Decembre 2019,,,ACCDS,
RH_fiche_113_,31,Toulouse,ASEER,,31400,38 avenue  jean moulin,,,,,Association,05 61 14 26 12,aseer@laposte.net,,,,,,,,,Decembre 2019,,,ACCDS,
RH_fiche_114_,31,Toulouse,Centre annexe  Empalot,,31400,10 rue jean paul blanchard,,,,,Conseil Départemental,05 61 14 94 20,,,,,,,,,,Decembre 2019,,,ACCDA,
RH_fiche_115_,31,Toulouse,Maison Des Solidarités Rangueil,,31400,39 rue camille desmoullins,,,,,Conseil Départemental,,,,,,,,,,,Decembre 2019,,,ACCDA,
RH_fiche_116_,31,Toulouse,Maison Des Solidarités Pont des demoiselles,,31400,,,,,,Conseil Départemental,,,,,,,,,,,Decembre 2019,,,ACCDA,
RH_fiche_117_,31,Toulouse,AIFOMEJ ,,31400,5 impasse des hérons,,,,,Association,05 61 53 52 34,,,,,,,,,,Decembre 2019,,,ACCN,
RH_fiche_118_,31,Toulouse,Karavan,,31400,,,,,,Association,,,,,,,,,,,Decembre 2019,,,,
RH_fiche_119_,31,Toulouse,CIDFF,,31400,95 grande rue st michel,,,,,Association,05 34 31 23 31,cidff31@cdiff31.fr,,,,,,,,,Decembre 2019,,,,
RH_fiche_120_,31,Toulouse,Empalot Services,,31400,,,,,,Association,,toulouse-empalot@cnlrq.org,,,,,,,,,Decembre 2019,,,,
RH_fiche_121_,31,Toulouse,Restos du coeur,,31400,286 rte de revel,,,,,Association,09 83 98 46 19,,,,,,,,,,Decembre 2019,,,,
RH_fiche_122_,31,Toulouse,Emmaüs Agir,,31400,43 avenue  de l'URSS,,,,,Association,,,,,,,,,,,Decembre 2019,,,,
RH_fiche_123_,31,Toulouse,Maison Des Solidarités Montaudran,,31400,,,,,,Conseil Départemental,,,,,,,,,,,Decembre 2019,,,,
RH_fiche_124_,31,Toulouse,Mairie de quartier Pont des Demoiselles,,31400,,,,,,Mairie,,,,,,,,,,,Decembre 2019,,,,
RH_fiche_125_,31,Toulouse,Maison de quartier rangueil/centre social,,31400,,,,,,Mairie,,,,,,,,,,,Decembre 2019,,,,
RH_fiche_126_,31,Toulouse,Bibliotheque des ponts des demoiselles,,31400,63 bis avenue st exupery,,,,,Mairie,,,,,,,,,,,Decembre 2019,,,,
RH_fiche_127_,31,Toulouse,Cosmopolitaine,,31400,,,,,,Association,,contact@cosmopolitaine.org,,,,,,,,,Decembre 2019,,,,
RH_fiche_128_,31,Toulouse,CLCV ,,31400,,,,,,,,,,,,,,,,,Decembre 2019,,,,
RH_fiche_129_,31,Le Fauga,Desir informatique faugatien,,31410,,,,,,Association,,,,,,,,,,,Decembre 2019,,,,
RH_fiche_130_,31,Le Fauga,mairie La Fauga,,31410,,,,,,Mairie,,mairie@lefauga.fr,,,,,,,,,Decembre 2019,,,,
RH_fiche_131_,31,Belberaud,Le 100eme singe,,31450,8 route de Fourquevaux,,,,,Association,06 17 13 65 98,lecentiemesinge@gmail.com,le100esinge.com,,,,,,,,Decembre 2019,,,Co-working,
RH_fiche_132_,31,Saint-Lys,MJC-Centre social,,31470,1 Rue des Glycines ,,,,,FIGO Centre social, 05 34 48 56 91 , centresocial@saint-lys.fr ,,,,,,,,,Decembre 2019,,,COMP,
RH_fiche_133_,31,Toulouse,Centre social Jolimont Soupetard,,31500,Centre social Jolimont 11 avenue de l'observatoire,,,,,FIGO Centre social,05 31 22 94 84,Jolimont.cs@mairie-toulouse.fr,,,,,9h-12h30 et 13h30-17h/16h30,9h-12h30 et 13h30-17h/16h30,,,Decembre 2019,,,ORD,
RH_fiche_134_,31,Toulouse,FFPE,,31500,1  rue Léon Jouhaux ,,,,,Association,,,www.ffpe-toulouse.org,,,,,,,,Decembre 2019,,,COMP,
RH_fiche_135_,31,Toulouse,Mission Locale centre,,31500,24 rue Garipuy,,,,,Association,,,,,,,,,,,Decembre 2019,J,,,
RH_fiche_136_,31,Toulouse,Mission Locale Antenne Jolimont,,31500,,,,,,Association,,,,,,,,,,,Decembre 2019,,,,
RH_fiche_137_,31,Toulouse,Agir et devenir,,31500,,,,,,Association,,agiretdevenir@live.fr,,,,,,,,,Decembre 2019,,,,
RH_fiche_138_,31,Toulouse,Centre social Jean Rieux,,31500,,,,,,Centre social,,,https://www.cpjr.fr/,,,,,,,,Decembre 2019,,,,
RH_fiche_139_,31,Toulouse,APSAR,,31500,70 chemin michoun,,,,,Centre social,05 61 58 24 63,,,,,,,,,,Decembre 2019,,,,
RH_fiche_140_,31,Toulouse,Centre social Jolimont,,31500,11 avenue de l'observatoire,,,,,Centre social,05 67 77 44 80,,,,,,,,,,Decembre 2019,,,,
RH_fiche_141_,31,Toulouse,Maison Des Solidarités Bonnefoy/Amouroux,,31500,3 rue du faubourg bonnefoy,,,,,Conseil Départemental,05 34 25 51 00,,,,,,,,,,Decembre 2019,,,,
RH_fiche_142_,31,Toulouse,Centre social polyvalent Jean Rieux,,31500,157 avenue jean rieux,,,,,FIGO Centre social,05 61 54 80 00,,www.cpjr.fr,,,,,,,,Decembre 2019,TP,Libre,COMP,
RH_fiche_143_,31,Toulouse,Centre social ASPAR,,31500,70 chemin Michoun,,,,,FIGO Centre social,,,,,,,,,,,Decembre 2019,TP,Libre,ORDM,
RH_fiche_144_,31,Toulouse,Centre social Jolimont Soupetard,,31500,Antenne soupetard 12 rue charles garnier,,,,,FIGO Centre social,05 31 22 95 15,Jolimont.cs@mairie-toulouse.fr,,,9h-12h30 et 13h30-17h,9h-12h30 et 13h30-17h,,,,,Decembre 2019,,,,
RH_fiche_145_,31,Toulouse,Mediatheque Jose Cabanis,,31500,,,,,,Mairie,,,,,,,,,,,Decembre 2019,,,,
RH_fiche_146_,31,Toulouse,Maison de la citoyenneté Est,,31500,8 bis avenue du parc,,,,,Mairie,05 31 22 93 00,mdc.est@mairie-toulouse.fr,,,,,,,,,Decembre 2019,,,,
RH_fiche_147_,31,Toulouse,Pole Emploi Jolimont,,31500,,,,,,Pôle Emploi,,,,,,,,,,,Decembre 2019,,,,
RH_fiche_148_,31,Toulouse,Mediathèque Serveyrolles,,31500,,,,,,,,,,,,,,,,,Decembre 2019,,,,
RH_fiche_149_,31,Toulouse,Point Information Jeunesse Jolimont,,31500,,,,,,,,,,,,,,,,,Decembre 2019,,,,
,31,,Foyer Jeune Travailleur Jolimont,,31500,,,,,,,05 34 30 42 80 ,,,,,,,,,,Decembre 2019,,,,
RH_fiche_151_,31,Ramonville Saint-Agne,Le F@bRiquet,,31520,CEEI Théogone - 10 Avenue de l'Europe,,,,,,05 61 73 10 22,fabmanager@fabriquet.fr,http://www.fabriquet.fr/web/,,14h-22h,13h-18h,Sur RDV,13h-18h,13h-20h,,Decembre 2019,,,FL,
RH_fiche_152_,31,Lévignac,centre social Vallée de la Save,,31530,,,,,,FIGO Centre social,05 62 13 80 20,centre-social.valleesave@save-touch.org,https://www.mairie-levignac.com/centre-social,9h00 - 12h00 et de 14h00 à 17h30,9h00 - 12h00 et de 14h00 à 17h30,9h00 - 12h00 et de 14h00 à 17h30,9h00 - 12h00 et de 14h00 à 17h30,9h00 – 12h00,,,Decembre 2019,,,SENS,TP
RH_fiche_153_,31, Cintegabelle,Foyer rural «  La Gabela »,,31550,,,,,,,,,,,,,,,,,Decembre 2019,,,,
RH_fiche_154_,31,Cintegabelle,Foyer rural «  La Gabela »,,31550,mairie,,,,,Foyers ruraux ,,,,,,,,,,,Decembre 2019,TP,Libre,COMP,
RH_fiche_155_,31,Muret,9com9,,31600,,,,,,Association,,,,,,,,,,,Decembre 2019,,,,
RH_fiche_156_,31,Saint Orens de Gameville,Espace Pour Tous,,31650,,,,,,FIGO Centre social,,,,,,,,,,,Decembre 2019,,,,
RH_fiche_157_,31,Saint Orens,CCAS,,31650,,,,,,Mairie,,,,,,,,,,,Decembre 2019,,,,
RH_fiche_158_,31,Blagnac,Mairie de Blagnac,,31700,,,,,,Mairie,,,,,,,,,,,Decembre 2019,,,,
RH_fiche_159_,31,Colomiers,Mairie,,31770,,,,,,Mairie,,,,,,,,,,,Decembre 2019,,,,
RH_fiche_160_,31,Colomiers,CCAS,,31776,,,,,,Mairie,,,,,,,,,,,Decembre 2019,,,,
RH_fiche_161_,31,Saint Gaudens,MJC / cyber-base du Saint-Gaudinois,,31800,1 place du maréchal juin,,,,,Association,05 61 94 66 45,info@mjc-st-gaudens.org ,www.mjc-st-gaudens.org,,,,,,,,Decembre 2019,,,ORDM,
RH_fiche_162_,31,Saint Gaudens,APP Comminges-Luchonnais,,31800,,,,,,,,,,,,,,,,,Decembre 2019,,,,
RH_fiche_163_,31,Saint Gaudens,Club de prévention Saint Gaudens,,31800,,,,,,,,,,,,,,,,,Decembre 2019,,,,
RH_fiche_164_,31,Saint Gaudens,CyberBase de Saint Gaudens,,31800,,,,,,,,,,,,,,,,,Decembre 2019,,,,
RH_fiche_165_,31, Venerque,Service Jeunesse Léo Lagrange Venerque,,31810,14  avenue du Mont Frouzi,,,,,Mairie,,,https://www.facebook.com/Service-Jeunesse-CCLAG-177831365607843/,,,,,,,,Decembre 2019,,,COMP,TP
RH_fiche_166_,31,Pibrac,Maison des Initiatives Sociales et Culturelles,,31820,1 Impasse de la Gare,,,,,FIGO Centre social,,,,,,,,,,,Decembre 2019,,,ORD,
RH_fiche_167_,31,Plaisance du Touch,centre social Sesame,,31830,,,,,,FIGO Centre social,,,,,,,,,,,Decembre 2019,,,COMP,SEN
RH_fiche_168_,31,Lagardelle-sur-Lèze,Mairie,,31870,,,,,,,,,,,,,,,,,Decembre 2019,TP,Libre,SENS,
RH_fiche_169_,31,Lagardelle-sur-Lèze,Médiathèque municipale,,31870,3 Château de Vignaou,,,,,,,bm.lagardelle@wanadoo.fr,,,15h00 - 18h00,09h30 - 12h30 et 15h00 - 18h00,15h00 - 18h00,09h30 - 12h30,09h30 - 12h30,,Decembre 2019,,,ORD,ALL
RH_fiche_170_,31,La Salvetat Saint Gilles,centre social F Chopin,,31880,,,,,,FIGO Centre social,,,,,,,,,,,Decembre 2019,,,COMP,SEN
RH_fiche_171_,31,Toulouse,PRCP,,,2 allée du vignemale,,,,,Association,05 61 15 43 44,prcp@wanadoo.fr,,,,,,,,,Decembre 2019,,,,
RH_fiche_172_,31,Labège,Centre social Escalquens / CCAS,,,Mairie d'Escalquens Place François Mitterrand,,,,,FIGO Centre social,05 62 71 56 75,centre.social@escalquens.fr,www.escalquens.fr,8h30-12h et 14h-18h,8h30-12h et 14h-18h,8h30-12h et 14h-18h,9h-12h et 14h-19h,8h30-12h et 14h-18h,,,Decembre 2019,,,ORDM,
RH_fiche_173_,31,Toulouse,Apprentis d'Auteuil,,,,,,,,Association,,,,,,,,,,,Decembre 2019,,,,
RH_fiche_174_,31,Toulouse,Ensemble à tout âge,,,,,,,,Association,,,,,,,,,,,Decembre 2019,,,,
RH_fiche_175_,31,Toulouse,ADVITAM,,,,,,,,Association,,,,,,,,,,,Decembre 2019,,,,
RH_fiche_176_,31,Toulouse,Association,,,,,,,,Association,,,,,,,,,,,Decembre 2019,,,,
RH_fiche_177_,31,Ramonville,Le pic,,,,,,,,Association,,,,,,,,,,,Decembre 2019,,,,
RH_fiche_178_,31,Toulouse,CHRS de Fages,,,,,,,,Association,,,,,,,,,,,Decembre 2019,,,,
RH_fiche_179_,31,Toulouse,ADPAM,,,,,,,,Association,,,,,,,,,,,Decembre 2019,,,,
RH_fiche_180_,31,Toulouse,CSF Le Cabri,,,,,,,,Association,,associationlecabri@laposte.net,,,,,,,,,Decembre 2019,,,,
RH_fiche_181_,31,Toulouse,Bell’Arc en Ciel,,,,,,,,Association,,bellarcenciel@wanadoo.fr ,,,,,,,,,Decembre 2019,,,,
RH_fiche_182_,31,Toulouse,APSAR,,,,,,,,Association,05 61 58 24 63,,,,,,,,,,Decembre 2019,,,,
RH_fiche_183_,31,Toulouse,A.I.R.S,,,,,,,,Association,09 71 30 75 86,,,,,,,,,,Decembre 2019,,,,
RH_fiche_184_,31,Toulouse,Tisseo ?,,,,,,,,Entreprise,,,,,,,,,,,Decembre 2019,,,,
,31,,Adens,,,,,,,,Entreprise,,,http://adens.org/qui-sommes-nous/,,,,,,,,Decembre 2019,,,,
RH_fiche_186_,31,Léguevin,centre social La Maison des Quartiers,,,,,,,,FIGO Centre social,,,,,,,,,,,Decembre 2019,,,,
RH_fiche_187_,31,Blagnac,centre social blagnac,,,,,,,,FIGO Centre social,,,,,,,,,,,Decembre 2019,,,,
RH_fiche_188_,31,Toulouse,Accueil Amouroux,,,,,,,,Mairie,,accueil.amouroux@mairie-toulouse.fr ,,,,,,,,,Decembre 2019,,,,
RH_fiche_189_,31,Toulouse,Accueil Soupetard,,,,,,,,Mairie,,Accueil.SOUPETARD@mairie-toulouse.fr,,,,,,,,,Decembre 2019,,,,
RH_fiche_190_,31,Toulouse,Maison de la citoyenneté Est,,,,,,,,Mairie,,Mdc.Est@mairie-toulouse.fr,,,,,,,,,Decembre 2019,,,,
RH_fiche_191_,31,Toulouse,Maison de la citoyenneté Nord,,,,,,,,Mairie,,mdc.nord@mairie-toulouse.fr,,,,,,,,,Decembre 2019,,,,
RH_fiche_192_,31,Toulouse,Maison de la citoyenneté Rive Gauche,,,,,,,,Mairie,,mdc.rive-gauche@mairie-toulouse.fr,,,,,,,,,Decembre 2019,,,,
RH_fiche_193_,31,Toulouse,Maison de la citoyenneté Sud Est,,,,,,,,Mairie,,mdc.sud-est@mairie-toulouse.fr,,,,,,,,,Decembre 2019,,,,
RH_fiche_194_,31,Toulouse,Point Information Mairie Serveyrolles,,,,,,,,Mairie,05 61 22 22 39 ,,,,,,,,,,Decembre 2019,,,,
RH_fiche_195_,31,Tournefeuille,AGEAH - Maison des Associations Tournefeuille,,,,,,,,,,,,,,,,,,,Decembre 2019,,,,
RH_fiche_196_,31,Toulouse,Association Lieu Ressource Formation (LRF),,,,,,,,,,,,,,,,,,,Decembre 2019,,,,
RH_fiche_197_,31,Toulouse,Planning Familial,,,,,,,,,,,,,,,,,,,Decembre 2019,,,,
RH_fiche_198_,31,Toulouse,Club de Prévention ASETE,,,,,,,,Collectivites,,,,,,,,,,,Decembre 2019,,,,
RH_fiche_199_,31,Toulouse,Bibliothèque Roseraie,,,,,,,,,,,,,,,,,,,Decembre 2019,,,,
RH_fiche_200_,31,Toulouse,NB Com',,,,,,,,,,,,,,,,,,,Decembre 2019,,,,
RH_fiche_201_,31,Toulouse,CRIJ,,,,,,,,Collectivites,,,,,,,,,,,Decembre 2019,,,,
,31,,Point info famille,,,,,,,,,,,,,,,,,,,Decembre 2019,,,,
RH_fiche_203_,31,Toulouse,SAVIM,,,,,,,,,,,,,,,,,,,Decembre 2019,,,,
,31,,DigiJeunes,,,,,,,,,,,,,,,,,,,Decembre 2019,,,,
RH_fiche_205_,31,Toulouse,ASETE,,,,,,,,,,,,,,,,,,,Decembre 2019,,,,
,31,,centre culturel des chamois,,,,,,,,Centre social,,accueil.chamois@mairie-toulouse.fr,,,,,,,,,Decembre 2019,,,,
,31,,TO7,,,,,,,,Association,,to7@to7.org,,,,,,,,,Decembre 2019,,,,
RH_fiche_208_,31,Toulouse,Mairie annexe Roseraie,,,,,,,,,05 31 22 93 10,,,,,,,,,,Decembre 2019,,,,
RH_fiche_209_,31,Toulouse,Mairie annexe Bonnefoy,,,,,,,,,05 61 22 22 32,,,,,,,,,,Decembre 2019,,,,
,31,,Pavillon Sauvages,,,,,,,,,,,,,,,,,,,Decembre 2019,,,,
RH_fiche_211_,31,Toulouse,Cap Nomade,,,,,,,,Association,     06 01 99 36 23 ou 09 50 94 58 16,capnomade@gmail.com,http://www.capnomade.org/formations/,,,,,,,,Decembre 2019,,,SENS,J
RH_fiche_212_,11,Berriac,Le Relai,,11000,,,,,,Association,,,,,,,,,,,Decembre 2019,,,,
RH_fiche_213_,11, Caves,ATRIUM,,11510,,,,,,,,atriumcaves@gmail.com,,,,,,,,,Decembre 2019,,,,
RH_fiche_214_,11,Carcassonne,Régie de quartier,,11000,,,,,,Association,,carcassonne-rdq@cnlrq.org,,,,,,,,,Decembre 2019,,,,
RH_fiche_215_,11,Capendu,Point Cyb,,11700,,,,,,,,cc@piemont-dalaric.org,,,,,,,,,Decembre 2019,,,,
RH_fiche_216_,11,Carcassonne,Espace Culturel Multimédia,,11000,,,,,,Mairie,,,,,,,,,,,Decembre 2019,,,,
RH_fiche_217_,11,Narbonne,Ecole régionale deuxieme chance,,11000,,,,,,,,,,,,,,,,,Decembre 2019,,,,
RH_fiche_218_,11,Thezan des corbieres,Espace Public Numérique de la Contrée de Durban-Corbières,,11200,,,,,,,,developpementlocal@contree-durban-corbieres.fr,,,,,,,,,Decembre 2019,,,,
RH_fiche_219_,11,Alzonne,FEP Médiathèque,,11170,,,,,,,,fep.alzonne@wanadoo.fr,,,,,,,,,Decembre 2019,,,,
RH_fiche_220_,11,Narbonne,Versus  Internet Café,,11000,,,,,,,,info@versus.fr,,,,,,,,,Decembre 2019,,,,
RH_fiche_221_,11,Carcassonne,acti city - Information Jeunesse,,11000,,,,,,,,information.jeunesse@acticity.com,,,,,,,,,Decembre 2019,,,,
RH_fiche_222_,11,Narbonne,Maison de la l'Emploi et de la Formation,,11000,,,,,,,,multimedia@mef-narbonnaise.fr,,,,,,,,,Decembre 2019,,,,
RH_fiche_223_,11,Narbonne,PIMMS,,,,,,,,,,narbonne@pimms.org,,,,,,,,,Decembre 2019,,,,
RH_fiche_224_,11,Lezignan Corbières,MJC Lezignan Corbières,,11200,25 Rue Marat,,,,,Association,04 68 27 03 34,mjc.lezignan.corbieres@wanadoo.fr,www.mjc-lezignan-corbieres.com,08h - 20h,08h - 20h,08h - 20h,08h - 20h,08h - 20h,08h - 13h,,Decembre 2019,,,ORD,
RH_fiche_225_,11,Narbonne,Aide Mutuelle à l'Insertion,,11000,24 boulevard Frédéric Mistral,,,,,FIGO Centre social,04 68 65 07 10,ami-aude@orange.fr,https://ami-aude.com/index.html,,,,,,,,Decembre 2019,TP,,SENS,
RH_fiche_226_,11,Narbonne,Centre Social et Culturel Nelson MANDELA,,11000,4 Promenade Emilie Palomo,,,,,FIGO Centre social,04 68 41 77 26,,https://www.csc-mandela.fr/,9 h - 12 h et 14 h - 18 h 00,9 h - 12 h et 14 h - 18 h 00,9 h - 12 h et 14 h - 18 h 00,9 h - 12 h et 14 h - 18 h 00,9 h - 12 h et 14 h - 18 h 00,,,Decembre 2019,,,COMP,
RH_fiche_227_,11,Saint Marcel sur Aude,Centre Socioculturel et Familial ‘Les Passerelles’,,11120,107  avenue de Saint Pons,BP 8,,,,FIGO Centre social,04 68 42 35 25,lespasserelles@cs-les-passerelles.fr,www.cs-les-passerelles.fr,9h – 12h et 14h – 18h,9h - 12h,9h – 12h et 14h – 18h,9h - 12h,9h - 12h,,,Decembre 2019,,,ORDM,
,11,,Event Orizon,,,,,,,,,,,,,,,,,,,Decembre 2019,,,,
RH_fiche_229_,11,Narbonne,Le Lieu Ressources Littoral,,,,,,,,,,sp-narbonne@aude.pref.gouv.fr,,,,,,,,,Decembre 2019,,,,
,11,,Tiers-lieu « l’oppidum »,,,,,,,,,, epops-biodiversite@laposte.net,,,,,,,,,Decembre 2019,,,,
,11,,MEDIATHEQUE GRAIN D’SEL,,,,,,,,,,mediatheque@caracassonne-agglo.fr,,,,,,,,,Decembre 2019,,,,
,11,,Maison de Services au Public de Chalabre,,,,,,,,MSAP,,msap.chalabre@laposte.fr,,,,,,,,,Decembre 2019,,,,
,11,,Maison de Services au Public d’Axat,,,,,,,,MSAP,,msap.axat@laposte.fr,,,,,,,,,Decembre 2019,,,,
,11,,Maison de Services au Public de Belcaire,,,,,,,,MSAP,,msap.belcaire@laposte.fr,,,,,,,,,Decembre 2019,,,,
,11,,Maison de Services au Public de Belvèze-du-Razès,,,,,,,,MSAP,,msap.belveze-du-razes@laposte.fr,,,,,,,,,Decembre 2019,,,,
,11,,Maison de Services au Public de Couiza,,,,,,,,MSAP,,msap.couiza@laposte.fr,,,,,,,,,Decembre 2019,,,,
,11,,Maison de Services au Public de Villasavary,,,,,,,,MSAP,,mairie-de-villasavary@wanadoo.fr,,,,,,,,,Decembre 2019,,,,
,11,,Maison des Potes,,,,,,,,,,mdpnarbonne11@gmail.com,,,,,,,,,Decembre 2019,,,,
,11,,L'Arche,,,,,,,,,,arche.narbonne@gmail.com,,,,,,,,,Decembre 2019,,,,
,11,,Centre Social et Culturel NELSON MANDELA,,,,,,,,Centre social,,centresocialnarbonne@gmail.com,,,,,,,,,Decembre 2019,,,,
,11,,EPN Ecole de la seconde chance,,,,,,,,,,,,,,,,,,,Decembre 2019,,,,
,11,,MAISON DIGITALE DU CIDFF,,,,,,,,,,lri.narbonne@cidff.fr,,,,,,,,,Decembre 2019,,,,
,11,,LA BULLE DU WEB (WAW-coworking)),,,,,,,,,,hello@labulleweb.com,,,,,,,,,Decembre 2019,,,,
,11,,INESS GRAND NARBONNE,,,,,,,,Collectivites,,service.accueil-iness@legrandnarbonne.com,,,,,,,,,Decembre 2019,,,,
,11,,Ecole de la 2ème Chance Régionale ,,,,,,,,,,er2c@ligue11.org,,,,,,,,,Decembre 2019,,,,
,11,,Maison de services au public Caunes-Minervois ,,,,,,,,MSAP,,msap.caunes-minervois@laposte.fr,,,,,,,,,Decembre 2019,,,,
,11,,Maison de services au public Durban-Corbières,,,,,,,,MSAP,,msap.durban-corbieres@laposte.fr,,,,,,,,,Decembre 2019,,,,
RH_fiche_248_,11,Carcassonne,Logigames,,11000,25 boulevard de Varsovie,,,,,Entreprise,04 68 72 67 04,logigames2001@yahoo.fr,logigames.fr,,10h – 19h,10h – 19h,10h – 19h,10h – 19h,13h - 21h,,Decembre 2019,,,ORDM,
,11,,Office de Tourisme Intercommunal au Cœur des Collines Cathares,,,,,,,,Collectivites,,tourisme@ccplm.fr ,,,,,,,,,Decembre 2019,,,,
,11,,Médiathèque Municipale de Palaja,,,,,,,,,,,,,,,,,,,Decembre 2019,,,,
,11,,Médiathèque d'Alzonne,,,,,,,,,,mediatheque@carcassonne-agglo.fr,,,,,,,,,Decembre 2019,,,,
,11,,Maison de services au public - Piemont d'Alaric,,,,,,,,MSAP,,msap@piemont-alaric.fr,,,,,,,,,Decembre 2019,,,,
,11,,Le Chai : Espace culturel,,,,,,,,,,lechai@piemont-alaric.fr,,,,,,,,,Decembre 2019,,,,
,11,,Mairie d'Axat,,,,,,,,,,mairie.axat@axat.fr,,,,,,,,,Decembre 2019,,,,
,11,,Mairie d'Axat,,,,,,,,,,communication@axat.fr,,,,,,,,,Decembre 2019,,,,
,11,,Médiathèque du Pays de Sault,,,,,,,,,,media.espezel@gmail.com,,,,,,,,,Decembre 2019,,,,
,11,,Bibliothèque Municipale de Chalabre,,,,,,,,,,epn@pyreneesaudoises.fr,,,,,,,,,Decembre 2019,,,,
,11,,Médiathèque d'Espéraza,,,,,,,,,,bibliotheque_esperaza@Yahoo.fr,,,,,,,,,Decembre 2019,,,,
,11,,Maison de services au public POM'S de Villerouge-Termenès,,,,,,,,MSAP,,poms.villerouge@orange.fr,,,,,,,,,Decembre 2019,,,,
,11,,Maison de services au public Tuchan,,,,,,,,MSAP,,msap.tuchan@laposte.fr,,,,,,,,,Decembre 2019,,,,
,11,,Médiathèque de Trèbes,,,,,,,,,,bibliotheque-trebes@wanadoo.fr,,,,,,,,,Decembre 2019,,,,
,11,,Médiathèque de Saint-Laurent de la Cabrerisse,,,,,,,,,,mediathequeslc11@orange.fr,,,,,,,,,Decembre 2019,,,,
,11,,Médiathèque Milcom de Saint-André de Roquelongue,,,,,,,,,,mediatheque-st-andre@wanadoo.fr,,,15h-19h,,9h-12h et 17h-19h,,9h-12h,,Decembre 2019,,,,
,11,,Espace Public Numérique de la MLIDR11 Limoux,,,,,,,,,,mli.dr11@wanadoo.fr,,,,,,,,,Decembre 2019,,,,
,11,,Maison de services au public POM'S Laroque de Fa,,,,,,,,MSAP,,poms.laroquedefa@orange.fr,,,,,,,,,Decembre 2019,,,,
,11,,Maison de services au public POM'S de Lanet,,,,,,,,MSAP,,poms.lanet@orange.fr,,,,,,,,,Decembre 2019,,,,
,11,,ADHCo Centre Social,,,,,,,,Centre social,,adhco.developpement@orange.fr,,,,,,,,,Decembre 2019,,,,
,11,,Maison de services au public POM'S de Mouthoumet,,,,,,,,MSAP,,poms.mouthoumet@orange.fr,,,,,,,,,Decembre 2019,,,,
,11,,Maison de services au public POM'S de Félines-Termenès,,,,,,,,MSAP,,poms.felines@orange.fr,,,,,,,,,Decembre 2019,,,,
,11,,Maison de services au public POM'S de Davejean,,,,,,,,MSAP,,poms.davejean@orange.fr,,,,,,,,,Decembre 2019,,,,
,11,,Mission Locale Ouest Audois,,,,,,,,,,accueil.castelnaudary@mloa.fr,,,,,,,,,Decembre 2019,,,,
,11,,Médiathèque Georges Canguilhem,,,,,,,,,,mediatheques@cccla.fr ,,,,,,,,,Decembre 2019,,,,
,11,,Espace de co-oworking : L'Alpha'[R],,,,,,,,,,rmine@carcassonne-agglo.fr,,,,,,,,,Decembre 2019,,,,
,11,,Ateliers Canopé,,,,,,,,,,contact.atelier11@reseau-canope.fr,,,,,,,,,Decembre 2019,,,,
,11,,Maison de services au public POM's de Bouisse,,,,,,,,MSAP,,poms.bouisse@orange.fr,,,,,,,,,Decembre 2019,,,,
RH_fiche_276_,11,Carcassonne,EPCI,,,,,,,,,,,,,,,,,,,Decembre 2019,,,,
RH_fiche_277_,11,Fabrezan,Mediatheque Milcom de Fabrezan,,,,,,,,Collectivités,04 68 43 71 92,,,,,,,,,,Decembre 2019,,,,
,11,,Mediatheque Milcom de Boutenac,,,,,,,,Collectivités,,,,,14h-18h,14h-18h,,14h-18h,,,Decembre 2019,,,,
RH_fiche_279_,11,Limoux,SAPIE,,11300,7 rue du Cougaing,,,,,SCIC ,04 68 74 73 30,sapie@sapie.coop,http://sapie.coop,8h30 à-18h30,8h30 à-18h30,8h30 à-18h30,8h30 à-18h30,8h30 à-18h30,,,Decembre 2019,,,SENS,
RH_fiche_280_,11,Lezignan,Isis (epicerie solidaire),,11200,39 rue Lamartine,,,,,Association,,,,,,,,,,,Decembre 2019,,,,
RH_fiche_281_,11,Mouthoumet,Centre social Adhco,,11330,23 rue de la gare,,,,,Centre social,04 68 70 18 50,adhco.developpement@orange.fr,http://www.adhco.fr/,,,,,,,,Decembre 2019,,,,
RH_fiche_282_,32,Samatan,MSAP Gestes,,,,,,,,MSAP,,,,,,,,,,,Decembre 2019,,,,
,32,,Cultures portes de gascogne,,,,,,,,Association,,,,,,,,,,,Decembre 2019,,,,
RH_fiche_284_,32,Cologne,Association Arcolan,,32430,,,,,,FIGO Centre social,,,,,,,,,,,Decembre 2019,,,,
RH_fiche_285_,32,Auch,Coopérative réemploi ,,32000,,,,,,,,,,,,,,,,,Decembre 2019,,,COMP,
,32,,Kopané,,,,,,,,,,,,,,,,,,,Decembre 2019,,,,
RH_fiche_287_,32,L’isle Jourdain,A.P.I. en Gascogne,,32600,2 Avenue du Courdé,,,,,FIGO Centre social,,,,,,,,,,,Decembre 2019,,,COMP,SEN
RH_fiche_288_,32,Sarrant,Espace  de  Vie  Sociale  LaMIS,,32120,14 rue du milieu,,,,,FIGO Centre social,05 42 54 25 24,lamis@orange.fr,,,11h - 12h30 et 13h30 - 17h,11h - 12h30 et 13h30 - 17h,11h - 12h30 et 13h30 - 17h,11h - 12h30 et 13h30 - 17h,,,Decembre 2019,,,ORD,
RH_fiche_289_,32,Samatan,Le bureau Samatanais,,32130,,,,,,,05 62 59 71 02 ,contact@lebureausamatanais.fr,http://www.lebureausamatanais.fr/#,,,,,,,,Decembre 2019,,,,
,32,,Accueil jeunes de Gimont,,,,,,,,,,,,,,,,,,,Decembre 2019,,,,
RH_fiche_291_,32,Condom,Centre Social de la Ténarèze,,32100,28 rue Gambetta,,,,,FIGO Centre social,,,,,,,,,,,Decembre 2019,,,COMP,SEN
RH_fiche_292_,32,Saint-Clar,Médiathèque de Saint-Clar,,32380,place dastros,,,,,FIGO Centre social,05 62 07 49 12,mediathequestclar@orange.fr,https://fr-fr.facebook.com/mediatheque.desaintclar,,,,,,,,Decembre 2019,,,ORDM,
RH_fiche_293_,32,Samatan,CCAS,,32130,,,,,,MSAP,,,,,,,,,,,Decembre 2019,,,,
RH_fiche_294_,32,Saint Clar,prends toi en main,,32380,,,,,,Association,,,,,,,,,,,Decembre 2019,,,,
RH_fiche_295_,32,Vic Fezensac,Vic Accueil,,32190,13 Rue Jean Jaurès,,,,,FIGO Centre social,,,http://www.vic-accueil.fr,,,,,,,,Decembre 2019,,,SENS,
RH_fiche_296_,32,Auch,Garros Services,,32000,,,,,,,,auch@cnlrq.org,,,,,,,,,Decembre 2019,,,,
RH_fiche_297_,32,Lectoure,MSAP,,32700,2 cours Gambetta,,,,,MSAP,05 62 68 75 47,ccas.accueil@mairie-lectoure.fr,https://www.maisondeservicesaupublic.fr/content/lectoure,,,,,,,,Decembre 2019,,,,
RH_fiche_298_,32,Mirande,Télécentre de Mirande,,32300,,,,,,,,coeur-dastarac@wanadoo.fr,,,,,,,,,Decembre 2019,,,,
RH_fiche_299_,32,Plaisance,EREF - PIJ,,32160,,,,,,,,,,,,,,,,,Decembre 2019,,,,
RH_fiche_300_,32,Mirande,Internet Academy,,32300,,,,,,,,,,,,,,,,,Decembre 2019,,,,
RH_fiche_301_,32,Riscle,Télécentre de Riscle,,32400,,,,,,,,manonbonnet.gers@gmail.com,,,,,,,,,Decembre 2019,,,,
RH_fiche_302_,32,Nogaro,Association CLAN - PIJ,,32110,,,,,,,,pij32.nogaro@crij.org,,,,,,,,,Decembre 2019,,,,
RH_fiche_303_,32,Lectoure,Télécentre de Lectoure,,32700,,,,,,,,priviere@mairie-lectoure.fr,,,,,,,,,Decembre 2019,,,,
RH_fiche_304_,32,Lectoure,Régie rurale de services de Lomagne,,32700,,,,,,Association,,regie.lectoure@cnlrq.org,,,,,,,,,Decembre 2019,,,,
RH_fiche_305_,32,Mauvezin,Régie Rurale de Services de Fezensaguet,,32120, 43  rue Gambetta ,,,,,Association,"
05 62 06 92 80",regie.mauvezin@cnlrq.org,,,,,,,,,Decembre 2019,,,,
RH_fiche_306_,32,Fleurance,Bibliothèque municipale,,32500,100 rue Pasteur,,,,,Collectivités,05 62 06 18 96,,,,,,,,,,Decembre 2019,,,,
RH_fiche_307_,32,Lectoure,Bibliothèque médiathèque municipale,,32700,rue Saint Gervais,,,,,Collectivités,05 62 68 48 32 ,,,,,,,,,,Decembre 2019,,,,
RH_fiche_308_,32,Fleurance,Mairie,,32500,,,,,,Mairie,05 62 06 10 01,,https://www.villefleurance.fr/,,,,,,,,Decembre 2019,,,,
RH_fiche_309_,32,Lectoure, Génération Mouvement,,32700,,,,,,Association,05 62 68 71 77,,,,,,,,,,Decembre 2019,,,,
RH_fiche_310_,32,Lectoure,Mairie,,32700,,,,,,Mairie,05 62 68 70 22,,https://www.lectoure.fr/fr-contact.html,,,,,,,,Decembre 2019,,,,
RH_fiche_311_,32,Lamothe Goas,Mairie,,32500,,,,,,Mairie,,,http://www.lamothe-goas.com/,,,,,,,,Decembre 2019,,,,
RH_fiche_312_,32,Auch,Promeneurs du net,,32000,,,,,,,,,,,,,,,,,Decembre 2019,,,,
RH_fiche_313_,32, Berrac,Gerskali / Gers numérique,,32480,,,,,,Entreprise,,, https://www.gers-numerique.com/ ,09h - 18h,09h - 18h,09h - 18h,09h - 18h,09h - 18h,,,Decembre 2019,TP,,ORDM,
RH_fiche_314_,32,Cologne,MSAP Cologne,,32430,Route d'Ardizas,,,,,MSAP,05 62 05 13 61,msap@ccbl32.fr,https://www.maisondeservicesaupublic.frcontent/bastides-de-lomagne ,,,,,,,,Decembre 2019,,,,
RH_fiche_315_,65, Lannemezan,SARAPP,,65300,,,,,,,,,,,,,,,,,Decembre 2019,,,,
RH_fiche_316_,65,Luz Saint Sauveur,Cyber-base Luz Saint Sauveur,,65120,,,,,,,,,,,,,,,,,Decembre 2019,,,,
RH_fiche_317_,65,Lourdes,CCAS Lourdes,,65100,2 Rue de l'Hôtel de Ville,,,,,Mairie,05 62 94 65 65,,,,,,,,,,Decembre 2019,,,ACCN,SEN
RH_fiche_318_,65,Lourdes,Centre social Lourdes,,65100,2 Rue de l'Hôtel de Ville,,,,,FIGO Centre social,05 62 94 65 65,,https://www.lourdes.fr/enfance-jeunesse/l-espace-vie-citoyenne-jeunesse/3079-le-centre-social-jean-zay,,,,,,,,Decembre 2019,,,ORDM,TP
RH_fiche_319_,65,Vic en bigorre,Maison des Jeunes et de la Culture,,65500,17 Rue Barère de Vieuzac,,,,,FIGO Centre social,05 62 31 61 00 / 06 52 96 20 05,,www.mjcvic.fr,,,,,,,,Decembre 2019,TP,Libre,ORD,
RH_fiche_320_,65,Lourdes,SAGV65,,65100,17  avenue Joffre,BP 846,,,,FIGO Centre social,,,,,,,,,,,Decembre 2019,,,COMP,
RH_fiche_321_,65, Saint Laurent de Neste,SARAPP GRETA des Hautes-Pyrénées,,65150,,,,,,,,,,,,,,,,,Decembre 2019,,,,
RH_fiche_322_,65,Argeles Gazost,SARAPP,,65400,,,,,,,,65sararg@ac-toulouse.fr,,,,,,,,,Decembre 2019,,,,
RH_fiche_323_,65,Lourdes,Cyber-base Lourdes,,65100,,,,,,,,barmelle@cyber-base.org,,,,,,,,,Decembre 2019,,,,
RH_fiche_324_,65,Bagneres de Bigorre,Espace Culturel Maintenon,,65200,,,,,,,,centre.culturel@ville-bagneresdebigorre.fr,,,,,,,,,Decembre 2019,,,,
RH_fiche_325_,65,Ancizan,Centre culturel d'Ancizan,,65440,,,,,,,,centreculturel-ancizan@wanadoo.fr,,,,,,,,,Decembre 2019,,,,
RH_fiche_326_,65, Saint Laurent de Neste,Maison du savoir,,65150,,,,,,,,contact@maisondusavoir.fr,,,,,,,,,Decembre 2019,,,,
RH_fiche_327_,65,Maubourguet,Cyber-Base du Val d'Adour,,65700,,,,,,,,cyberbase@cc-valdadour.com,,,,,,,,,Decembre 2019,,,,
RH_fiche_328_,65,Castelnau Magnoac,EPI de Castelnau Magnoac,,65230,,,,,,,,epi.castelnau.magnoac@wanadoo.fr,,,,,,,,,Decembre 2019,,,,
RH_fiche_329_,65,Trie sur baïse,EPI de Trie sur Baïse,,65220,,,,,,,,epi.trie@wanadoo.fr,,,,,,,,,Decembre 2019,,,,
RH_fiche_330_,65,Campan,Espace Public Informatique du canton de Campan,,65710,,,,,,,,epicampan@gmail.com,,,,,,,,,Decembre 2019,,,,
RH_fiche_331_,65,Cauterets,Info Cyber jeunes - Association SOLEIL. PIJ,,65110,,,,,,,,planeteicj@pyrenees.net,,,,,,,,,Decembre 2019,,,,