rh_id,n_ref,not_included,statut_infos,departement,code_departement,ville,code_commune,nom,structure_porteuse,code_postal,adresse,adresse_suite,adresse_full,geo_lat,geo_lon,nature_juridique,type_lieu,rattachement,tel_structure,latitude,longitude,result_label,result_score,result_type,result_id,result_housenumber,result_name,result_street,result_postcode,result_city,result_context,result_citycode,result_oldcitycode,result_oldcity,result_district
RH_fiche_1_,Ref_0001,,Actualisé (S.),11,=11=,Alzonne,,FEP Médiathèque,Carcasonne Agglo,11170,Parc municipal,,Parc municipal 11170 Alzonne,,,,Médiathèque,,04 68 76 33 02,43.254495,2.175926,Rue du Parc 11170 Alzonne,0.49,street,11009_0096,,Rue du Parc,,11170,Alzonne,"11, Aude, Occitanie",11009,,,
RH_fiche_2_,Ref_0002,,,11,=11=,Berriac,,Le Relai,,11000,,,11000 Berriac,,,Association,,,,43.213065,2.402611,Berriac,0.94,municipality,11037,,Berriac,,11000,Berriac,"11, Aude, Occitanie",11037,,,
RH_fiche_3_,Ref_0003,,,11,=11=,Bouisse,,Maison de services au public POM's de Bouisse,,11330,11 Avenue Las Nautas Corbieras,,11 Avenue Las Nautas Corbieras 11330 Bouisse,,,,MSAP,,04 68 48 88 73,42.986901,2.45379,11 Avenue de Las Nautas Corbieras 11330 Bouisse,0.88,housenumber,11044_0041_00011,11,Avenue de Las Nautas Corbieras,,11330,Bouisse,"11, Aude, Occitanie",11044,,,
RH_fiche_4_,Ref_0004,,Actualisé (S.),11,=11=,Boutenac,,Mediatheque Milcom de Boutenac,,11200,8 Boulevard de Ronde,,8 Boulevard de Ronde 11200 Boutenac,,,collectivité territoriale,Médiathèque,,04 68 45 79 61,43.147672,2.788775,8 Boulevard de Ronde 11200 Boutenac,0.94,housenumber,11048_0100_00008,8,Boulevard de Ronde,,11200,Boutenac,"11, Aude, Occitanie",11048,,,
RH_fiche_5_,Ref_0005,,,11,=11=,Bram,,France Services - Piège Lauragais Malepere,Communauté De Commune PIEGE LAURAGAIS MALEPERE,11150,62 rue bonrepos,,62 rue bonrepos 11150 Bram,,,collectivité territoriale,,,,43.241583,2.118852,62 Rue Bonrepos 11150 Bram,0.96,housenumber,11049_0021_00062,62,Rue Bonrepos,,11150,Bram,"11, Aude, Occitanie",11049,,,
RH_fiche_6_,Ref_0006,,,11,=11=,Capendu,,France Services / MSAP - Carcassone Agglo,CARCASSONNE AGGLO,11700,2 rue des Figuères,,2 rue des Figuères 11700 Capendu,,,collectivité territoriale,,,,43.184142,2.556949,2 Rue des Figuéres 11700 Capendu,0.95,housenumber,11068_0035_00002,2,Rue des Figuéres,,11700,Capendu,"11, Aude, Occitanie",11068,,,
RH_fiche_7_,Ref_0007,,Actualisé (S.),11,=11=,Carcasonne,,R'MINE - FABLAB CARACASSONNE AGGLO,CARCASSONNE AGGLO,11000,20 rue Claude CHAPPE,,20 rue Claude CHAPPE 11000 Carcasonne,,,collectivité territoriale,,,04.68.11.95.58,43.21177,2.324315,20 Rue Claude Chappe 11000 Carcassonne,0.94,housenumber,11069_1009_00020,20,Rue Claude Chappe,,11000,Carcassonne,"11, Aude, Occitanie",11069,,,
RH_fiche_8_,Ref_0008,,Actualisé (S.),11,=11=,Carcassonne,,Régie de quartier,Le Comité National de liaison des Régies de quartier,11000,46 bis rue Alexandre Guiraud,,46 bis rue Alexandre Guiraud 11000 Carcassonne,,,Association,,,04 68 47 22 71 / 04 68 25 80 32,43.213581,2.366162,46bis Rue Alexandre Guiraud 11000 Carcassonne,0.91,housenumber,11069_0150_00046_bis,46bis,Rue Alexandre Guiraud,,11000,Carcassonne,"11, Aude, Occitanie",11069,,,
RH_fiche_9_,Ref_0009,,,11,=11=,Carcassonne,,Espace Culturel Multimédia,,11000,,,11000 Carcassonne,,,collectivité territoriale,,,,43.20678,2.349411,Carcassonne,0.95,municipality,11069,,Carcassonne,,11000,Carcassonne,"11, Aude, Occitanie",11069,,,
RH_fiche_10_,Ref_0010,,Actualisé (S.),11,=11=,Narbonne,,acti city - Information Jeunesse,,11100,13 BOULEVARD GAMBETTA,,13 BOULEVARD GAMBETTA 11100 Narbonne,,,Association,,,04 68 25 12 25,43.182781,3.007413,13 Boulevard Gambetta 11100 Narbonne,0.97,housenumber,11262_2130_00013,13,Boulevard Gambetta,,11100,Narbonne,"11, Aude, Occitanie",11262,,,
RH_fiche_11_,Ref_0011,,,11,=11=,Carcassonne,,Logigames,,11000,25 boulevard de Varsovie,,25 boulevard de Varsovie 11000 Carcassonne,,,Entreprise,,,04 68 72 67 04,43.213934,2.346802,25 Boulevard de Varsovie 11000 Carcassonne,0.97,housenumber,11069_4520_00025,25,Boulevard de Varsovie,,11000,Carcassonne,"11, Aude, Occitanie",11069,,,
RH_fiche_12_,Ref_0012,,,11,=11=,Caves,,ATRIUM,,11510,,,11510 Caves,,,,,,,42.93109,2.974247,Caves,0.93,municipality,11086,,Caves,,11510,Caves,"11, Aude, Occitanie",11086,,,
RH_fiche_13_,Ref_0013,,,11,=11=,Davejean,,Maison de services au public POM'S de Davejean,,11330,rue de la poste,,rue de la poste 11330 Davejean,,,,MSAP,,04 68 70 09 47,42.96053,2.606019,Rue de la Poste 11330 Davejean,0.94,street,11117_0037,,Rue de la Poste,,11330,Davejean,"11, Aude, Occitanie",11117,,,
RH_fiche_14_,Ref_0014,,,11,=11=,Fabrezan,,Mediatheque Milcom de Fabrezan,,11200,1 Avenue de la Mairie,,1 Avenue de la Mairie 11200 Fabrezan,,,collectivité territoriale,Médiathèque,,04 68 43 71 92,43.137194,2.70024,1 Avenue de la Mairie 11200 Fabrezan,0.95,housenumber,11132_0076_00001,1,Avenue de la Mairie,,11200,Fabrezan,"11, Aude, Occitanie",11132,,,
RH_fiche_15_,Ref_0015,,,11,=11=,Lezignan,,Isis (epicerie solidaire),,11200,39 rue Lamartine,,39 rue Lamartine 11200 Lezignan,,,Association,,,,43.202429,2.757544,39 Rue Lamartine 11200 Lézignan-Corbières,0.73,housenumber,11203_0900_00039,39,Rue Lamartine,,11200,Lézignan-Corbières,"11, Aude, Occitanie",11203,,,
RH_fiche_16_,Ref_0016,,,11,=11=,Lezignan Corbières,,MJC Lezignan Corbières,,11200,25 Rue Marat,,25 Rue Marat 11200 Lezignan Corbières,,,Association,MJC,,04 68 27 03 34,43.199696,2.757916,25 Rue Marat 11200 Lézignan-Corbières,0.96,housenumber,11203_1030_00025,25,Rue Marat,,11200,Lézignan-Corbières,"11, Aude, Occitanie",11203,,,
RH_fiche_17_,Ref_0017,X,,65,=65=,Bagnères de Bigorre,,Maison Départementale de la Solidarité site de Bagnères,,65200,1 avenue de Castelmouly,,1 avenue de Castelmouly 65200 Bagnères de Bigorre,,,,,Département des Hautes Pyrénées,05 31 74 36 20,43.070241,0.148586,1 Rue du Castelmouly 65200 Bagnères-de-Bigorre,0.77,housenumber,65059_0195_00001,1,Rue du Castelmouly,,65200,Bagnères-de-Bigorre,"65, Hautes-Pyrénées, Occitanie",65059,,,
RH_fiche_18_,Ref_0018,,,11,=11=,Limoux,,France Services - Limouxin,MSA,11300,17 chemin Farinier,,17 chemin Farinier 11300 Limoux,,,,,,,43.057309,2.213259,17 Chemin Farinier 11300 Limoux,0.96,housenumber,11206_0470_00017,17,Chemin Farinier,,11300,Limoux,"11, Aude, Occitanie",11206,,,
RH_fiche_19_,Ref_0019,,,11,=11=,Limoux,,TIERS LIEUX LIMOUX,,11300,7  rue du Cougaing,,7  rue du Cougaing 11300 Limoux,,,SCIC SARL,SCIC SAPIE,,468747330,43.055492,2.212835,7 Rue du Cougaing 11300 Limoux,0.96,housenumber,11206_0360_00007,7,Rue du Cougaing,,11300,Limoux,"11, Aude, Occitanie",11206,,,
RH_fiche_20_,Ref_0020,,,11,=11=,Mouthoumet,,Centre social Adhco,,11330,23 rue de la gare,,23 rue de la gare 11330 Mouthoumet,,,,Centre social,,04 68 70 18 50,42.960106,2.528877,23 Rue de la Gare 11330 Mouthoumet,0.94,housenumber,11260_0090_00023,23,Rue de la Gare,,11330,Mouthoumet,"11, Aude, Occitanie",11260,,,
RH_fiche_21_,Ref_0021,,,11,=11=,Mouthoumet,,France Services - Massif de Mouthoumet,ADHCO CENTRE SOCIAL,11330,23 rue de la gare,,23 rue de la gare 11330 Mouthoumet,,,Association,,,04 68 70 18 50,42.960106,2.528877,23 Rue de la Gare 11330 Mouthoumet,0.94,housenumber,11260_0090_00023,23,Rue de la Gare,,11330,Mouthoumet,"11, Aude, Occitanie",11260,,,
RH_fiche_22_,Ref_0022,,,11,=11=,Narbonne,,Ecole régionale deuxieme chance,,11000,,,11000 Narbonne,,,,,,,43.205257,2.401897,Route de Narbonne 11000 Carcassonne,0.53,street,11069_3187,,Route de Narbonne,,11000,Carcassonne,"11, Aude, Occitanie",11069,,,
RH_fiche_23_,Ref_0023,,,11,=11=,Narbonne,,Versus Internet Café,,11000,,,11000 Narbonne,,,,,,,43.205257,2.401897,Route de Narbonne 11000 Carcassonne,0.53,street,11069_3187,,Route de Narbonne,,11000,Carcassonne,"11, Aude, Occitanie",11069,,,
RH_fiche_24_,Ref_0024,,,11,=11=,Narbonne,,Maison de la l'Emploi et de la Formation,,11000,,,11000 Narbonne,,,,,,,43.205257,2.401897,Route de Narbonne 11000 Carcassonne,0.53,street,11069_3187,,Route de Narbonne,,11000,Carcassonne,"11, Aude, Occitanie",11069,,,
RH_fiche_25_,Ref_0025,,,11,=11=,Narbonne,,Centre social Aide Mutuelle à l'Insertion,,11000,24 boulevard Frédéric Mistral,,24 boulevard Frédéric Mistral 11000 Narbonne,,,,Centre social,,04 68 65 07 10,43.18616,3.002234,24 Boulevard Frederic Mistral 11100 Narbonne,0.93,housenumber,11262_2080_00024,24,Boulevard Frederic Mistral,,11100,Narbonne,"11, Aude, Occitanie",11262,,,
RH_fiche_26_,Ref_0026,,,11,=11=,Narbonne,,Centre Social et Culturel Nelson MANDELA,,11000,4 Promenade Emilie Palomo,,4 Promenade Emilie Palomo 11000 Narbonne,,,,Centre social,,04 68 41 77 26,43.187463,2.985839,4 Promenade Emilie Palomo 11100 Narbonne,0.91,housenumber,11262_rldo2e_00004,4,Promenade Emilie Palomo,,11100,Narbonne,"11, Aude, Occitanie",11262,,,
RH_fiche_27_,Ref_0027,,,11,=11=,Port la Nouvelle,,Le Lieu Ressources Littoral,,11210,222 rue de la Mairie,,222 rue de la Mairie 11210 Port la Nouvelle,,,,,,04.68.40.37.45,43.021057,3.042541,222 Rue de la Mairie 11210 Port-la-Nouvelle,0.96,housenumber,11266_0212_00222,222,Rue de la Mairie,,11210,Port-la-Nouvelle,"11, Aude, Occitanie",11266,,,
RH_fiche_28_,Ref_0028,,,11,=11=,Narbonne,,France Services - PIMMS du Narbonnais,Union Nationale des PIMMS,11000,8 avenue du Maréchal Foch,,8 avenue du Maréchal Foch 11000 Narbonne,,,,PIMMS MSAP,,04 68 43 68 93,43.187225,3.005378,8 Avenue du Marechal Foch 11100 Narbonne,0.92,housenumber,11262_3420_00008,8,Avenue du Marechal Foch,,11100,Narbonne,"11, Aude, Occitanie",11262,,,
RH_fiche_29_,Ref_0029,,,11,=11=,Narbonne,,INESS GRAND NARBONNE,C.C GRAND NARBONNE,11100,30 avenue Pompidor,,30 avenue Pompidor 11100 Narbonne,,,Collectivites,,,04 11 23 22 00,43.182245,2.979074,30 Avenue Pompidor 11100 Narbonne,0.97,housenumber,11262_1636_00030,30,Avenue Pompidor,,11100,Narbonne,"11, Aude, Occitanie",11262,,,
RH_fiche_30_,Ref_0030,,,11,=11=,Saint Marcel sur Aude,,France Services - Centre Socioculturel et Familial ‘Les Passerelles’,,11120,107 avenue de Saint Pons,BP 8,107 avenue de Saint Pons 11120 Saint Marcel sur Aude,,,,Centre social,,04 30 16 67 15 ,43.251553,2.914701,107 Avenue de Saint Pons 11120 Saint-Marcel-sur-Aude,0.96,housenumber,11353_0154_00107,107,Avenue de Saint Pons,,11120,Saint-Marcel-sur-Aude,"11, Aude, Occitanie",11353,,,
RH_fiche_31_,Ref_0031,,,11,=11=,Salles sur l'hers,,France Services - Centre social Energies de la Piège,Castelnaudary Lauragais Audois,11410,9 Rue des Rosiers,,9 Rue des Rosiers 11410 Salles sur l'hers,,,Association,MSAP,,04 68 60 38 98,43.293572,1.782541,9 Rue des Rosiers 11410 Salles-sur-l'Hers,0.95,housenumber,11371_0049_00009,9,Rue des Rosiers,,11410,Salles-sur-l'Hers,"11, Aude, Occitanie",11371,,,
RH_fiche_32_,Ref_0032,,,11,=11=,Sigean,,France Services - PIMMS - Corbières Méditerranée,Union Nationale des PIMMS,11130,2 place de la Libération,,2 place de la Libération 11130 Sigean,,,,PIMMS,,04 68 33 51 12,43.0288,2.979497,2 Place de la Liberation 11130 Sigean,0.96,housenumber,11379_0082_00002,2,Place de la Liberation,,11130,Sigean,"11, Aude, Occitanie",11379,,,
RH_fiche_33_,Ref_0033,,,11,=11=,Thezan des corbieres,,Espace Public Numérique de la Contrée de Durban-Corbières,,11200,,,11200 Thezan des corbieres,,,,,,,43.080495,2.785339,Thézan-des-Corbières,0.93,municipality,11390,,Thézan-des-Corbières,,11200,Thézan-des-Corbières,"11, Aude, Occitanie",11390,,,
RH_fiche_34_,Ref_0034,,,11,=11=,Argens-minervois,,Tiers-lieu « l’oppidum »,,11200,18 Rue de l’ancienne forge,,18 Rue de l’ancienne forge 11200 Argens-minervois,,,,,,06 41 28 46 74,43.242061,2.766053,18 Rue de l’Ancienne Forge 11200 Argens-Minervois,0.95,housenumber,11013_0008_00018,18,Rue de l’Ancienne Forge,,11200,Argens-Minervois,"11, Aude, Occitanie",11013,,,
RH_fiche_35_,Ref_0035,,,11,=11=,CARCASSONNE,,MEDIATHEQUE GRAIN D’SEL,Carcassonne Agglo,11000,Rue Fédou,,Rue Fédou 11000 CARCASSONNE,,,,Médiathèque,,04 68 10 35 50,43.21348,2.357953,Rue Fédou 11000 Carcassonne,0.97,street,11069_1500,,Rue Fédou,,11000,Carcassonne,"11, Aude, Occitanie",11069,,,
RH_fiche_36_,Ref_0036,,,11,=11=,Chalabre,,Maison de Services au Public de Chalabre,La Poste,11230,Bureau de poste Avenue Auguste Cathala,,Bureau de poste Avenue Auguste Cathala 11230 Chalabre,,,,MSAP,,,42.984047,2.00729,Avenue Auguste Cathala 11230 Chalabre,0.67,street,11091_0020,,Avenue Auguste Cathala,,11230,Chalabre,"11, Aude, Occitanie",11091,,,
RH_fiche_37_,Ref_0037,,,11,=11=,Axat,,Maison de Services au Public d’Axat,La Poste,11140,Bureau de poste 1 Place du Jardin public,,Bureau de poste 1 Place du Jardin public 11140 Axat,,,,MSAP,,,42.800938,2.230193,1 Rue des Jardins 11140 Axat,0.35,housenumber,11021_0116_00001,1,Rue des Jardins,,11140,Axat,"11, Aude, Occitanie",11021,,,
RH_fiche_38_,Ref_0038,,,11,=11=,Belcaire,,Maison de Services au Public de Belcaire,La Poste,11340,Bureau de poste 10 rue de la Poste,,Bureau de poste 10 rue de la Poste 11340 Belcaire,,,,MSAP,,04 68 20 32 76,42.816606,1.960823,10 Rue de la Poste 11340 Belcaire,0.64,housenumber,11028_0045_00010,10,Rue de la Poste,,11340,Belcaire,"11, Aude, Occitanie",11028,,,
RH_fiche_39_,Ref_0039,,,11,=11=,Belvèze-du-Razès,,Maison de Services au Public de Belvèze-du-Razès,La Poste,11240,Bureau de poste 27 allée des Platanes,,Bureau de poste 27 allée des Platanes 11240 Belvèze-du-Razès,,,,MSAP,,04 68 69 00 60,43.125174,2.097443,27 Allée des Platanes 11240 Belvèze-du-Razès,0.71,housenumber,11034_0057_00027,27,Allée des Platanes,,11240,Belvèze-du-Razès,"11, Aude, Occitanie",11034,,,
RH_fiche_40_,Ref_0040,,,11,=11=,Couiza,,Maison de Services au Public de Couiza,La Poste,11190,Bureau de poste 20 RN Pyrénées,,Bureau de poste 20 RN Pyrénées 11190 Couiza,,,,MSAP,,,42.941516,2.253501,Route des Pyrénées 11190 Couiza,0.53,street,11103_0024,,Route des Pyrénées,,11190,Couiza,"11, Aude, Occitanie",11103,,,
RH_fiche_41_,Ref_0041,,,11,=11=,Villasavary,,Maison de Services au Public de Villasavary,,11150,42 rue du Barry,,42 rue du Barry 11150 Villasavary,,,,MSAP,,04 68 11 93 95,43.219841,2.039813,42 Rue du Barry 11150 Villasavary,0.96,housenumber,11418_0009_00042,42,Rue du Barry,,11150,Villasavary,"11, Aude, Occitanie",11418,,,
RH_fiche_42_,Ref_0042,,,11,=11=,Narbonne,,Maison des Potes,,11100,5 rue Baudin,,5 rue Baudin 11100 Narbonne,,,Association,,,04 68 65 10 55,43.1851,3.005788,5 Rue Baudin 11100 Narbonne,0.97,housenumber,11262_0600_00005,5,Rue Baudin,,11100,Narbonne,"11, Aude, Occitanie",11262,,,
RH_fiche_43_,Ref_0043,,,11,=11=,Narbonne,,L'Arche,,11100,1 rue de l'Orbieu,,1 rue de l'Orbieu 11100 Narbonne,,,Association,,,04 68 41 03 65,43.183984,2.981618,Rue de l’Orbieu 11100 Narbonne,0.91,street,11262_3828,,Rue de l’Orbieu,,11100,Narbonne,"11, Aude, Occitanie",11262,,,
RH_fiche_44_,Ref_0044,,,11,=11=,Narbonne,,Centre Social et Culturel NELSON MANDELA,,11100,4 Promenade Emilie Palomo,,4 Promenade Emilie Palomo 11100 Narbonne,,,,Centre social,,04 68 41 77 26,43.187463,2.985839,4 Promenade Emilie Palomo 11100 Narbonne,0.96,housenumber,11262_rldo2e_00004,4,Promenade Emilie Palomo,,11100,Narbonne,"11, Aude, Occitanie",11262,,,
RH_fiche_45_,Ref_0045,,,11,=11=,Carcassonne,,Ecole de la seconde chance,,11000,82 Rue Barbacane,,82 Rue Barbacane 11000 Carcassonne,,,,,,04 68 25 56 74,43.2084,2.360942,82 Rue Barbacane 11000 Carcassonne,0.97,housenumber,11069_0470_00082,82,Rue Barbacane,,11000,Carcassonne,"11, Aude, Occitanie",11069,,,
RH_fiche_46_,Ref_0046,,,11,=11=,Narbonne,,MAISON DIGITALE DU CIDFF,,11100,37 avenue des Pyrénées,,37 avenue des Pyrénées 11100 Narbonne,,,,,,04.68.42.51.33,43.182851,2.99778,37 Avenue des Pyrenees 11100 Narbonne,0.97,housenumber,11262_4300_00037,37,Avenue des Pyrenees,,11100,Narbonne,"11, Aude, Occitanie",11262,,,
RH_fiche_47_,Ref_0047,,,11,=11=,Narbonne,,LA BULLE DU WEB (WAW-coworking),,11100,12 Boulevard Gambetta,,12 Boulevard Gambetta 11100 Narbonne,,,,,,09 82 38 35 49,43.182401,3.007402,12 Boulevard Gambetta 11100 Narbonne,0.97,housenumber,11262_2130_00012,12,Boulevard Gambetta,,11100,Narbonne,"11, Aude, Occitanie",11262,,,
RH_fiche_48_,Ref_0048,,,11,=11=,Narbonne,,Ecole de la seconde Chance,,11100,1 avenue gustave eiffel,,1 avenue gustave eiffel 11100 Narbonne,,,,,,04 68 40 34 12,43.158696,2.978507,1 Avenue Gustave Eiffel 11100 Narbonne,0.97,housenumber,11262_2377_00001,1,Avenue Gustave Eiffel,,11100,Narbonne,"11, Aude, Occitanie",11262,,,
RH_fiche_49_,Ref_0049,,,11,=11=,Caunes-Minervois,,Maison de services au public Caunes-Minervois,,11160,Allée des Raisins,,Allée des Raisins 11160 Caunes-Minervois,,,,MSAP,,,43.327227,2.523028,Allée des Raisins 11160 Caunes-Minervois,0.95,street,11081_0179,,Allée des Raisins,,11160,Caunes-Minervois,"11, Aude, Occitanie",11081,,,
RH_fiche_50_,Ref_0050,,,11,=11=,Durban-Corbières,,France Services - Durban-Corbières,,11360,6 Rue de la Mairie,,6 Rue de la Mairie 11360 Durban-Corbières,,,,MSAP,,04 68 45 89 00,42.99612,2.81385,6 Rue de la Mairie 11360 Durban-Corbières,0.95,housenumber,11124_0126_00006,6,Rue de la Mairie,,11360,Durban-Corbières,"11, Aude, Occitanie",11124,,,
RH_fiche_51_,Ref_0051,,,11,=11=,Palaja,,Médiathèque Municipale de Palaja,,11570,Rue Lô Moral,,Rue Lô Moral 11570 Palaja,,,,Médiathèque,,04 68 79 85 73,43.174999,2.387838,Rue Lo Moral 11570 Palaja,0.95,street,11272_0077,,Rue Lo Moral,,11570,Palaja,"11, Aude, Occitanie",11272,,,
RH_fiche_52_,Ref_0052,,,11,=11=,Alzonne,,Médiathèque d'Alzonne,,11170,Parc Municipal,,Parc Municipal 11170 Alzonne,,,,Médiathèque,,04 68 76 33 02,43.254495,2.175926,Rue du Parc 11170 Alzonne,0.49,street,11009_0096,,Rue du Parc,,11170,Alzonne,"11, Aude, Occitanie",11009,,,
RH_fiche_53_,Ref_0053,,,11,=11=,Capendu,,Maison de services au public - Piemont d'Alaric,,11700,2 Rue des Figuères,,2 Rue des Figuères 11700 Capendu,,,,MSAP,,04 68 79 87 01,43.184142,2.556949,2 Rue des Figuéres 11700 Capendu,0.95,housenumber,11068_0035_00002,2,Rue des Figuéres,,11700,Capendu,"11, Aude, Occitanie",11068,,,
RH_fiche_54_,Ref_0054,,,11,=11=,Capendu,,Le Chai : Espace culturel,,11700,63 Avenue des Anciens Combattants,,63 Avenue des Anciens Combattants 11700 Capendu,,,Association,,,04 68 79 37 91,43.187031,2.551455,63 Avenue des Anciens Combattants 11700 Capendu,0.96,housenumber,11068_0007_00063,63,Avenue des Anciens Combattants,,11700,Capendu,"11, Aude, Occitanie",11068,,,
RH_fiche_55_,Ref_0055,,,11,=11=,Axat,,Mairie d'Axat,,11140,66 Route Départementale,,66 Route Départementale 11140 Axat,,,collectivité territoriale,,,04 68 20 50 28,42.80471,2.234378,66 Route Departementale 11140 Axat,0.95,housenumber,11021_0105_00066,66,Route Departementale,,11140,Axat,"11, Aude, Occitanie",11021,,,
RH_fiche_56_,Ref_0056,,,11,=11=,Espezel,,Médiathèque du Pays de Sault,,11230,Grand'Rue,,Grand'Rue 11230 Espezel,,,,Médiathèque,,04 68 74 38 93,42.88641,2.045127,Route d’Espezel 11230 Puivert,0.49,street,11303_1pw26y,,Route d’Espezel,,11230,Puivert,"11, Aude, Occitanie",11303,,,
RH_fiche_57_,Ref_0057,,,11,=11=,Chalabre,,Bibliothèque Municipale de Chalabre,,11230,4 Rue des Boulangers,,4 Rue des Boulangers 11230 Chalabre,,,,Bibliothèque,,04 68 69 49 06,42.983704,2.006451,Rue des Boulangers 11230 Chalabre,0.9,street,11091_0040,,Rue des Boulangers,,11230,Chalabre,"11, Aude, Occitanie",11091,,,
RH_fiche_58_,Ref_0058,,,11,=11=,Espéraza,,Médiathèque d'Espéraza,,11260,avenue de la gare,,avenue de la gare 11260 Espéraza,,,,Médiathèque,,04 68 74 13 51,42.935189,2.219577,Avenue de la Gare 11260 Espéraza,0.96,street,11129_0130,,Avenue de la Gare,,11260,Espéraza,"11, Aude, Occitanie",11129,,,
RH_fiche_59_,Ref_0059,,,11,=11=,Villerouge-Termenès,,Maison de services au public POM'S de Villerouge-Termenès,,11330,8 Rue du Couvent,,8 Rue du Couvent 11330 Villerouge-Termenès,,,,MSAP,,04 68 70 00 16,43.007073,2.627163,8 Rue du Couvent 11330 Villerouge-Termenès,0.94,housenumber,11435_0065_00008,8,Rue du Couvent,,11330,Villerouge-Termenès,"11, Aude, Occitanie",11435,,,
RH_fiche_60_,Ref_0060,,,11,=11=,Tuchan,,France Services - Tuchan,,11350,21 rue de la poste,,21 rue de la poste 11350 Tuchan,,,,MSAP,,04 68 42 42 41,42.889375,2.718155,21 Rue de la Poste 11350 Tuchan,0.95,housenumber,11401_0083_00021,21,Rue de la Poste,,11350,Tuchan,"11, Aude, Occitanie",11401,,,
RH_fiche_61_,Ref_0061,,,11,=11=,Trèbes,,Médiathèque de Trèbes,,11800,place de l'hôtel de ville,,place de l'hôtel de ville 11800 Trèbes,,,,Médiathèque,,04 68 78 51 33,43.209491,2.442856,Place de l’Hôtel de Ville 11800 Trèbes,0.95,street,11397_0122,,Place de l’Hôtel de Ville,,11800,Trèbes,"11, Aude, Occitanie",11397,,,
RH_fiche_62_,Ref_0062,,,11,=11=,Saint-Laurent de la Cabrerisse,,Médiathèque de Saint-Laurent de la Cabrerisse,,11220,22 avenue de narbonne,,22 avenue de narbonne 11220 Saint-Laurent de la Cabrerisse,,,,Médiathèque,,04 68 33 39 30,43.08489,2.70105,22 Avenue de Narbonne 11220 Saint-Laurent-de-la-Cabrerisse,0.95,housenumber,11351_0001_00022,22,Avenue de Narbonne,,11220,Saint-Laurent-de-la-Cabrerisse,"11, Aude, Occitanie",11351,,,
RH_fiche_63_,Ref_0063,,,11,=11=,Saint-André de Roquelongue,,Médiathèque Milcom de Saint-André de Roquelongue,,11200,120 rue des écoles,,120 rue des écoles 11200 Saint-André de Roquelongue,,,,Médiathèque,,04 68 45 17 56,43.114915,2.838263,Rue des Écoles 11200 Saint-André-de-Roquelongue,0.88,street,11332_0059,,Rue des Écoles,,11200,Saint-André-de-Roquelongue,"11, Aude, Occitanie",11332,,,
RH_fiche_64_,Ref_0064,,,11,=11=,Limoux,,Espace Public Numérique de la MLIDR11 Limoux,,11300,5 avenue de la gare,,5 avenue de la gare 11300 Limoux,,,,,,04 68 74 70 90,43.05643,2.221904,5 Avenue de la Gare 11300 Limoux,0.96,housenumber,11206_0510_00005,5,Avenue de la Gare,,11300,Limoux,"11, Aude, Occitanie",11206,,,
RH_fiche_65_,Ref_0065,,,11,=11=,Laroque de Fa,,Maison de services au public POM'S Laroque de Fa,,11330,6 rue de la mairie,,6 rue de la mairie 11330 Laroque de Fa,,,,MSAP,,04 68 70 08 27,42.956407,2.564615,Rue de la Mairie 11330 Laroque-de-Fa,0.89,street,11191_0024,,Rue de la Mairie,,11330,Laroque-de-Fa,"11, Aude, Occitanie",11191,,,
RH_fiche_66_,Ref_0066,,,11,=11=,Lanet,,Maison de services au public POM'S de Lanet,,11330,Place de la mairie,,Place de la mairie 11330 Lanet,,,,MSAP,,04 68 70 02 34,42.964192,2.495528,Rue de la Mairie 11330 Lanet,0.76,street,11187_0011,,Rue de la Mairie,,11330,Lanet,"11, Aude, Occitanie",11187,,,
RH_fiche_67_,Ref_0067,,,11,=11=,Mouthoumet,,ADHCo Centre Social,,11330,23 Rue de la Gare,,23 Rue de la Gare 11330 Mouthoumet,,,,Centre social,,04 68 70 18 50,42.960106,2.528877,23 Rue de la Gare 11330 Mouthoumet,0.94,housenumber,11260_0090_00023,23,Rue de la Gare,,11330,Mouthoumet,"11, Aude, Occitanie",11260,,,
RH_fiche_68_,Ref_0068,,,11,=11=,Mouthoumet,,Maison de services au public POM'S de Mouthoumet,,11330,12 Rue de la Gare,,12 Rue de la Gare 11330 Mouthoumet,,,,MSAP,,04 68 42 12 95,42.960196,2.528048,12 Rue de la Gare 11330 Mouthoumet,0.94,housenumber,11260_0090_00012,12,Rue de la Gare,,11330,Mouthoumet,"11, Aude, Occitanie",11260,,,
RH_fiche_69_,Ref_0069,,,11,=11=,Félines-Termenès,,Maison de services au public POM'S de Félines-Termenès,,11330,20 Avenue Termenès,,20 Avenue Termenès 11330 Félines-Termenès,,,,MSAP,,,42.989157,2.615493,20 Avenue du Termenès 11330 Félines-Termenès,0.87,housenumber,11137_0041_00020,20,Avenue du Termenès,,11330,Félines-Termenès,"11, Aude, Occitanie",11137,,,
RH_fiche_70_,Ref_0070,,,11,=11=,Castelnaudary,,Mission Locale Ouest Audois,,11400,53 Boulevard Général Lapasset,,53 Boulevard Général Lapasset 11400 Castelnaudary,,,,Mission locale,,04 68 23 67,43.321257,1.950321,Boulevard Lapasset 11400 Castelnaudary,0.75,street,11076_1310,,Boulevard Lapasset,,11400,Castelnaudary,"11, Aude, Occitanie",11076,,,
RH_fiche_71_,Ref_0071,,,11,=11=,Castelnaudary,,Médiathèque Georges Canguilhem,,11400,8 Rue du Commandant Raynal,,8 Rue du Commandant Raynal 11400 Castelnaudary,,,,Médiathèque,,04 68 94 58 49,43.320146,1.949409,8 Rue du Commandant Raynal 11400 Castelnaudary,0.95,housenumber,11076_0785_00008,8,Rue du Commandant Raynal,,11400,Castelnaudary,"11, Aude, Occitanie",11076,,,
RH_fiche_72_,Ref_0072,,,11,=11=,Carcassonne,,Espace de co-oworking : L'Alpha'[R],CARCASSONNE AGGLO,11000,20 Rue Claude Chappe,,20 Rue Claude Chappe 11000 Carcassonne,,,,,,,43.21177,2.324315,20 Rue Claude Chappe 11000 Carcassonne,0.96,housenumber,11069_1009_00020,20,Rue Claude Chappe,,11000,Carcassonne,"11, Aude, Occitanie",11069,,,
RH_fiche_73_,Ref_0073,,,11,=11=,Carcassonne,,Ateliers Canopé,,11000,10 Boulevard Omer Sarraut,,10 Boulevard Omer Sarraut 11000 Carcassonne,,,Association,,,,43.216587,2.352707,10 Boulevard Omer Sarraut 11000 Carcassonne,0.97,housenumber,11069_3220_00010,10,Boulevard Omer Sarraut,,11000,Carcassonne,"11, Aude, Occitanie",11069,,,
RH_fiche_74_,Ref_0074,,,11,=11=,Carcassonne,,Point Numérique,Préfecture de l'Aude,11000,52 Rue Jean Bringer,,52 Rue Jean Bringer 11000 Carcassonne,,,,,,04 68 10 27 00,43.214867,2.353742,52 Rue Jean Bringer 11000 Carcassonne,0.97,housenumber,11069_2260_00052,52,Rue Jean Bringer,,11000,Carcassonne,"11, Aude, Occitanie",11069,,,
RH_fiche_75_,Ref_0075,,,11,=11=,Limoux,,Point Numérique,Préfecture de l'Aude,11300,12 rue du palais,,12 rue du palais 11300 Limoux,,,,,,04 68 31 03 50,43.054883,2.217804,12 Rue du Palais 11300 Limoux,0.96,housenumber,11206_1020_00012,12,Rue du Palais,,11300,Limoux,"11, Aude, Occitanie",11206,,,
RH_fiche_76_,Ref_0076,,,11,=11=,Vignevieille,,Maison de services au public POM'S de Vignevieille,,11330,6 rue du lavoir,,6 rue du lavoir 11330 Vignevieille,,,,MSAP,,04 68 70 06 81,43.005662,2.525325,Rue du Lavoir 11330 Vignevieille,0.88,street,11409_0050,,Rue du Lavoir,,11330,Vignevieille,"11, Aude, Occitanie",11409,,,
RH_fiche_77_,Ref_0077,,,11,=11=,Quillan,,Bibliothèque Municipale de Quillan,,11500,9 Place Raoul de Volontat,,9 Place Raoul de Volontat 11500 Quillan,,,,Bibliothèque,,04 68 31 15 46,42.875281,2.183676,9 Place Raoul de Volontat 11500 Quillan,0.95,housenumber,11304_0700_00009,9,Place Raoul de Volontat,,11500,Quillan,"11, Aude, Occitanie",11304,,,
RH_fiche_78_,Ref_0078,,,11,=11=,Villepinte,,Médiathèque de Villepinte,,11150,12 boulevard gambetta,,12 boulevard gambetta 11150 Villepinte,,,,Médiathèque,,01 55 85 96 33,43.281251,2.088425,12 Boulevard Gambetta 11150 Villepinte,0.95,housenumber,11434_0047_00012,12,Boulevard Gambetta,,11150,Villepinte,"11, Aude, Occitanie",11434,,,
RH_fiche_79_,Ref_0079,,,11,=11=,Narbonne,,MEDIATHEQUE DU GRAND NARBONNE,Grand Narbonne,11100,9 Boulevard Frédéric Mistral,,9 Boulevard Frédéric Mistral 11100 Narbonne,,,,Médiathèque,,04 68 43 40 40,43.187582,3.003669,Boulevard Frederic Mistral 11100 Narbonne,0.93,street,11262_2080,,Boulevard Frederic Mistral,,11100,Narbonne,"11, Aude, Occitanie",11262,,,
RH_fiche_80_,Ref_0080,,,11,=11=,LES ILHES CABARDES,,Maison de Services au Public du Haut Cabardès,,11380,Route de Mas-Cabardès,,Route de Mas-Cabardès 11380 LES ILHES CABARDES,,,,MSAP,,04 68 26 33 22,43.363067,2.376678,Route de Mas-Cabardès 11380 Les Ilhes,0.74,street,11174_0030,,Route de Mas-Cabardès,,11380,Les Ilhes,"11, Aude, Occitanie",11174,,,
RH_fiche_81_,Ref_0081,,,11,=11=,Bram,,Pop Coworking,,11150,2 impasse de malepère,,2 impasse de malepère 11150 Bram,,,,,,06 67 32 58 10,43.24197,2.092561,2 Impasse de la Malepère 11150 Bram,0.86,housenumber,11049_4154_00002,2,Impasse de la Malepère,,11150,Bram,"11, Aude, Occitanie",11049,,,
RH_fiche_82_,Ref_0082,,,11,=11=,SALLES-SUR-L’HERS,,Cowork'in Ganguise,,11410,Mairie,,Mairie 11410 SALLES-SUR-L’HERS,,,,,,06 77 87 39 84,43.292768,1.780235,Salles-sur-l'Hers,0.71,municipality,11371,,Salles-sur-l'Hers,,11410,Salles-sur-l'Hers,"11, Aude, Occitanie",11371,,,
RH_fiche_83_,Ref_0083,,,11,=11=,Sainte-Valière,,Médiathèque Lo Gal,,11120,7 Place de l'Église,,7 Place de l'Église 11120 Sainte-Valière,,,,Médiathèque,,04 68 46 31 19,43.272781,2.842222,7 Place de l’Eglise 11120 Sainte-Valière,0.94,housenumber,11366_0020_00007,7,Place de l’Eglise,,11120,Sainte-Valière,"11, Aude, Occitanie",11366,,,
RH_fiche_84_,Ref_0084,,,11,=11=,Rouffiac-d’Aude,,Médiathèque,Carcassonne Agglo,11250,Allée des Marronniers,,Allée des Marronniers 11250 Rouffiac-d’Aude,,,,Médiathèque,,04 68 26 48 95,43.128635,2.297558,Allée des Marronniers 11250 Rouffiac-d'Aude,0.95,street,11325_0044,,Allée des Marronniers,,11250,Rouffiac-d'Aude,"11, Aude, Occitanie",11325,,,
RH_fiche_85_,Ref_0085,,,11,=11=,CARCASSONNE,,LIEU RESSOURCES INSERTION,Ligue de l'enseignement,11000,16 rue Fédou,,16 rue Fédou 11000 CARCASSONNE,,,,,,04 68 25 99 88,43.213587,2.358548,16 Rue Fédou 11000 Carcassonne,0.97,housenumber,11069_1500_00016,16,Rue Fédou,,11000,Carcassonne,"11, Aude, Occitanie",11069,,,
RH_fiche_86_,Ref_0086,,,11,=11=,Gruissan,,MJC de Gruissan,,11430,Montée du Pech,,Montée du Pech 11430 Gruissan,,,,,,04 68 49 61 87,43.106805,3.090296,Montee du Pech 11430 Gruissan,0.95,street,11170_0167,,Montee du Pech,,11430,Gruissan,"11, Aude, Occitanie",11170,,,
RH_fiche_87_,Ref_0087,,,11,=11=,Carcassonne,,MJC de Carcassonne,,11000,91 rue Aimé Ramond,,91 rue Aimé Ramond 11000 Carcassonne,,,,,,04 68 11 17 00,43.211839,2.347837,91 Rue Aime Ramond 11000 Carcassonne,0.97,housenumber,11069_0080_00091,91,Rue Aime Ramond,,11000,Carcassonne,"11, Aude, Occitanie",11069,,,
RH_fiche_88_,Ref_0088,,,31,=31=,Arbas,,Bibliothèque municipale,Foyer rural,31160,Place de la Mairie,,Place de la Mairie 31160 Arbas,,,,Bibliothèque,,05 61 98 18 03,42.995836,0.907489,Place de la Mairie 31160 Arbas,0.94,street,31011_0120,,Place de la Mairie,,31160,Arbas,"31, Haute-Garonne, Occitanie",31011,,,
RH_fiche_89_,Ref_0089,,,31,=31=,Auterive,,Le foyer Auterive,,31190,1 place du Maréchal Leclerc,,1 place du Maréchal Leclerc 31190 Auterive,,,,Centre social,,,43.352866,1.477881,1 Place du Marechal Leclerc 31190 Auterive,0.96,housenumber,31033_0160_00001,1,Place du Marechal Leclerc,,31190,Auterive,"31, Haute-Garonne, Occitanie",31033,,,
RH_fiche_90_,Ref_0090,,,31,=31=,Auterive,,Médiathèque municipale,,31190,780 Route d'Espagne,,780 Route d'Espagne 31190 Auterive,,,,,,05 82 95 45 75,43.337717,1.480148,780 Route d’Espagne 31190 Auterive,0.97,housenumber,31033_0085_00780,780,Route d’Espagne,,31190,Auterive,"31, Haute-Garonne, Occitanie",31033,,,
RH_fiche_91_,Ref_0091,,,31,=31=,Auterive,,Communauté de communes de bassin auterivain,,31190,ZI Robert Lavigne RD 820,,ZI Robert Lavigne RD 820 31190 Auterive,,,collectivité territoriale,,,05 61 50 99 00,43.367104,1.447369,Zone Industrielle Lavigne 31190 Auterive,0.41,street,31033_eiy6p3,,Zone Industrielle Lavigne,,31190,Auterive,"31, Haute-Garonne, Occitanie",31033,,,
RH_fiche_92_,Ref_0092,,,31,=31=,Auterive,,France Service - CC Bassin Auterivain,Communauté de communes,31190,Rd 820 ZI Robert Lavigne,,Rd 820 ZI Robert Lavigne 31190 Auterive,,,collectivité territoriale,,,05 61 50 99 00,43.367104,1.447369,Zone Industrielle Lavigne 31190 Auterive,0.41,street,31033_eiy6p3,,Zone Industrielle Lavigne,,31190,Auterive,"31, Haute-Garonne, Occitanie",31033,,,
RH_fiche_93_,Ref_0093,,,31,=31=,Auterive,,TL ESPACE FIRMIN PONS,COMMUNE AUTERIVE,31190,780 route d'Espagne,,780 route d'Espagne 31190 Auterive,,,collectivité territoriale,,,05.61.50.96.87,43.337717,1.480148,780 Route d’Espagne 31190 Auterive,0.97,housenumber,31033_0085_00780,780,Route d’Espagne,,31190,Auterive,"31, Haute-Garonne, Occitanie",31033,,,
RH_fiche_94_,Ref_0094,,,31,=31=,Bagnères de Luchon,,MJC,,31110,,,31110 Bagnères de Luchon,,,,,,,42.791683,0.589935,Bagnères-de-Luchon,0.94,municipality,31042,,Bagnères-de-Luchon,,31110,Bagnères-de-Luchon,"31, Haute-Garonne, Occitanie",31042,,,
RH_fiche_95_,Ref_0095,,,31,=31=,Escalquens,,Le 100eme singe,,31750,13 avenue de la mairie,,13 avenue de la mairie 31750 Escalquens,,,Association,,,,43.517589,1.55772,13 Avenue de la Mairie 31750 Escalquens,0.96,housenumber,31169_0310_00013,13,Avenue de la Mairie,,31750,Escalquens,"31, Haute-Garonne, Occitanie",31169,,,
RH_fiche_96_,Ref_0096,,,31,=31=,Bessieres,,France Services - Val Aïgo Antenne de Bessières,Communauté de communes Val'Aïgo,31660,26 Place du souvenir,,26 Place du souvenir 31660 Bessieres,,,collectivité territoriale,,,,43.800751,1.606565,26 Place du Souvenir 31660 Bessières,0.95,housenumber,31066_0214_00026,26,Place du Souvenir,,31660,Bessières,"31, Haute-Garonne, Occitanie",31066,,,
RH_fiche_97_,Ref_0097,,,31,=31=,Blagnac,,Mairie de Blagnac,,31700,1 place des Arts,,1 place des Arts 31700 Blagnac,,,collectivité territoriale,,,05 61 71 72 00,43.635319,1.39838,Place des Arts 31700 Blagnac,0.89,locality,31069_0049,,Place des Arts,,31700,Blagnac,"31, Haute-Garonne, Occitanie",31069,,,
RH_fiche_98_,Ref_0098,,,31,=31=,Blagnac,,MJC DES ARTS BLAGNAC,,31700,2 rue de la Croix Blanche,,2 rue de la Croix Blanche 31700 Blagnac,,,ASSOCIATION,,,05 34 26 52 75,43.63351,1.39861,2 Rue de la Croix Blanche 31700 Blagnac,0.96,housenumber,31069_0250_00002,2,Rue de la Croix Blanche,,31700,Blagnac,"31, Haute-Garonne, Occitanie",31069,,,
RH_fiche_99_,Ref_0099,,,31,=31=,Cazères,,Maison Pour tous,,31220,6 rue des Capucins,,6 rue des Capucins 31220 Cazères,,,,Centre social,,,43.20428,1.08388,6 Rue des Capucins 31220 Cazères,0.96,housenumber,31135_0078_00006,6,Rue des Capucins,,31220,Cazères,"31, Haute-Garonne, Occitanie",31135,,,
RH_fiche_100_,Ref_0100,,,31,=31=,Cintegabelle,,Foyer rural « La Gabela »,,31550,mairie,,mairie 31550 Cintegabelle,,,,Foyer rural,,,43.271251,1.558482,Lieu Dit Sainte Marie 31550 Cintegabelle,0.56,street,31145_B257,,Lieu Dit Sainte Marie,,31550,Cintegabelle,"31, Haute-Garonne, Occitanie",31145,,,
RH_fiche_101_,Ref_0101,,,31,=31=,Clarac,,foyer rural Clarac,,31210,Chemin de Sainte Anne,,Chemin de Sainte Anne 31210 Clarac,,,Association,Foyer rural,,05 61 89 70 64,43.097976,0.62331,Chemin de Sainte Anne 31210 Clarac,0.95,street,31147_0038,,Chemin de Sainte Anne,,31210,Clarac,"31, Haute-Garonne, Occitanie",31147,,,
RH_fiche_102_,Ref_0102,,,31,=31=,Colomiers,,Mairie,,31770,,,31770 Colomiers,,,collectivité territoriale,,,,43.609804,1.32962,Colomiers,0.95,municipality,31149,,Colomiers,,31770,Colomiers,"31, Haute-Garonne, Occitanie",31149,,,
RH_fiche_103_,Ref_0103,,,31,=31=,Colomiers,,CCAS,,31770,18 PLACE DU LANGUEDOC,,18 PLACE DU LANGUEDOC 31770 Colomiers,,,collectivité territoriale,,,,43.6109,1.33016,18 Place du Languedoc 31770 Colomiers,0.96,housenumber,31149_0748_00018,18,Place du Languedoc,,31770,Colomiers,"31, Haute-Garonne, Occitanie",31149,,,
RH_fiche_104_,Ref_0104,,,31,=31=,Colomiers,,LA MIJOTEUSE,COMMUNE DE COLOMIERS,31770,Place Joseph Verseille,,Place Joseph Verseille 31770 Colomiers,,,collectivité territoriale,,,06.38.50.65.31.,43.609555,1.339555,Place Joseph Verseille 31770 Colomiers,0.96,street,31149_0728,,Place Joseph Verseille,,31770,Colomiers,"31, Haute-Garonne, Occitanie",31149,,,
RH_fiche_105_,Ref_0105,,,31,=31=,Colomiers,,Point Rencontres Chomeurs Precaires (PRCP),,31770,2 Allée du Vignemale,,2 Allée du Vignemale 31770 Colomiers,,,,,,,43.60514,1.333515,2 Allée du Vignemale 31770 Colomiers,0.96,housenumber,31149_1342_00002,2,Allée du Vignemale,,31770,Colomiers,"31, Haute-Garonne, Occitanie",31149,,,
RH_fiche_106_,Ref_0106,,,31,=31=,Fenouillet,,Association Femmes du Monde,,31150,,,31150 Fenouillet,,,Association,Centre social,,"05 31 48 50 99
06 27 20 24 70",43.684445,1.391525,Fenouillet,0.94,municipality,31182,,Fenouillet,,31150,Fenouillet,"31, Haute-Garonne, Occitanie",31182,,,
RH_fiche_107_,Ref_0107,,,31,=31=,La Salvetat Saint Gilles,,centre social F Chopin,,31880,Rue Frédéric Chopin,,Rue Frédéric Chopin 31880 La Salvetat Saint Gilles,,,,Centre social,,05.34.52.70.96,43.575575,1.273254,Avenue Frederic Chopin 31880 La Salvetat-Saint-Gilles,0.87,street,31526_0061,,Avenue Frederic Chopin,,31880,La Salvetat-Saint-Gilles,"31, Haute-Garonne, Occitanie",31526,,,
RH_fiche_108_,Ref_0108,X,,31,=31=,Labège,,ASSOCIATION IOT VALLEY,,31670,425 rue Jean Rostand,,425 rue Jean Rostand 31670 Labège,,,ASSOCIATION,,,,43.543887,1.511505,425 Rue Jean Rostand 31670 Labège,0.95,housenumber,31254_0227_00425,425,Rue Jean Rostand,,31670,Labège,"31, Haute-Garonne, Occitanie",31254,,,
RH_fiche_109_,Ref_0109,,,31,=31=,Escalquens,,Maison de la Solidarité,,31670,Mairie d'Escalquens Place François Mitterrand,,Mairie d'Escalquens Place François Mitterrand 31670 Escalquens,,,,Centre social,,05 62 71 56 75,43.517864,1.558979,Place Francois Mitterrand 31750 Escalquens,0.58,street,31169_ewvqku,,Place Francois Mitterrand,,31750,Escalquens,"31, Haute-Garonne, Occitanie",31169,,,
RH_fiche_110_,Ref_0110,,,31,=31=,Lagardelle-sur-Lèze,,EVOLFABLAB,,31870,289 route de la fontannasse,,289 route de la fontannasse 31870 Lagardelle-sur-Lèze,,,ASSOCIATION,,,06 20 22 11 48,43.414922,1.396709,289 Route de la Fontanasse 31870 Lagardelle-sur-Lèze,0.94,housenumber,31263_0055_00289,289,Route de la Fontanasse,,31870,Lagardelle-sur-Lèze,"31, Haute-Garonne, Occitanie",31263,,,
RH_fiche_111_,Ref_0111,,,31,=31=,Lagardelle-sur-Lèze,,Mairie,,31870,,,31870 Lagardelle-sur-Lèze,,,,,,,43.413788,1.392278,Lagardelle-sur-Lèze,0.94,municipality,31263,,Lagardelle-sur-Lèze,,31870,Lagardelle-sur-Lèze,"31, Haute-Garonne, Occitanie",31263,,,
RH_fiche_112_,Ref_0112,,,31,=31=,Lagardelle-sur-Lèze,,Médiathèque municipale,,31870,3 Château de Vignaou,,3 Château de Vignaou 31870 Lagardelle-sur-Lèze,,,,,,,43.414512,1.388385,3 Rue du Chateau du Vignaou 31870 Lagardelle-sur-Lèze,0.8,housenumber,31263_0021_00003,3,Rue du Chateau du Vignaou,,31870,Lagardelle-sur-Lèze,"31, Haute-Garonne, Occitanie",31263,,,
RH_fiche_113_,Ref_0113,,,31,=31=,Le Fauga,,Desir informatique faugatien,,31410,1 Place de la HALLE,,1 Place de la HALLE 31410 Le Fauga,,,Association,,,,43.39619,1.295885,1 Place de la Halle 31410 Le Fauga,0.95,housenumber,31181_0036_00001,1,Place de la Halle,,31410,Le Fauga,"31, Haute-Garonne, Occitanie",31181,,,
RH_fiche_114_,Ref_0114,,,31,=31=,Le Fauga,,mairie La Fauga,,31410,1 Place de la Halle,,1 Place de la Halle 31410 Le Fauga,,,collectivité territoriale,,,,43.39619,1.295885,1 Place de la Halle 31410 Le Fauga,0.95,housenumber,31181_0036_00001,1,Place de la Halle,,31410,Le Fauga,"31, Haute-Garonne, Occitanie",31181,,,
RH_fiche_115_,Ref_0115,,,31,=31=,Lespinasse,,PCWORKS31,,31150,2 Allée Pierre-paul Riquet,,2 Allée Pierre-paul Riquet 31150 Lespinasse,,,,,,0954 882 757,43.707551,1.385597,2 Allée Pierre-Paul Riquet 31150 Lespinasse,0.95,housenumber,31293_0169_00002,2,Allée Pierre-Paul Riquet,,31150,Lespinasse,"31, Haute-Garonne, Occitanie",31293,,,
RH_fiche_116_,Ref_0116,,,31,=31=,Lherm,,C N S Communications,,31600,9 Rue de la Foret,,9 Rue de la Foret 31600 Lherm,,,,,,,43.427296,1.211384,9 Rue de la Foret 31600 Lherm,0.96,housenumber,31299_0049_00009,9,Rue de la Foret,,31600,Lherm,"31, Haute-Garonne, Occitanie",31299,,,
RH_fiche_117_,Ref_0117,,,31,=31=,Léguevin,,centre social La Maison des Quartiers,,31490,49 rue Pipet,,49 rue Pipet 31490 Léguevin,,,,Centre social,,05 61 06 90 13,43.600721,1.234607,49 Rue Pipet 31490 Léguevin,0.96,housenumber,31291_0168_00049,49,Rue Pipet,,31490,Léguevin,"31, Haute-Garonne, Occitanie",31291,,,
RH_fiche_118_,Ref_0118,,,31,=31=,Lévignac,,centre social Vallée de la Save,Communauté de communes de la Save au Touch,31530,5 rue de la Mairie,,5 rue de la Mairie 31530 Lévignac,,,,Centre social,,05 62 13 80 20,43.666663,1.194417,5 Rue de la Mairie 31530 Lévignac,0.95,housenumber,31297_0004_00005,5,Rue de la Mairie,,31530,Lévignac,"31, Haute-Garonne, Occitanie",31297,,,
RH_fiche_119_,Ref_0119,,,31,=31=,Merville,,Centre Social de Merville / CCAS,,31330,50 rue du 19 mars 1962,,50 rue du 19 mars 1962 31330 Merville,,,,Centre social,,05 62 13 40 95,43.722019,1.298805,50 Rue du 19 Mars 1962 31330 Merville,0.95,housenumber,31341_0239_00050,50,Rue du 19 Mars 1962,,31330,Merville,"31, Haute-Garonne, Occitanie",31341,,,
RH_fiche_120_,Ref_0120,,,31,=31=,Miremont,,Médiathèque,,31190,Place Carreties,,Place Carreties 31190 Miremont,,,,,,05 61 50 67 05,43.370489,1.416036,Place Carretier 31190 Miremont,0.83,street,31345_0024,,Place Carretier,,31190,Miremont,"31, Haute-Garonne, Occitanie",31345,,,
RH_fiche_121_,Ref_0121,,,31,=31=,Montbrun Bocage,,L'ordinateur facile,,31310,3 rue du Rebarat,,3 rue du Rebarat 31310 Montbrun Bocage,,,Association,,,06 51 91 40 96,43.127457,1.267767,3 Rue du Rebarat 31310 Montbrun-Bocage,0.94,housenumber,31365_0056_00003,3,Rue du Rebarat,,31310,Montbrun-Bocage,"31, Haute-Garonne, Occitanie",31365,,,
RH_fiche_122_,Ref_0122,,,31,=31=,Montrejeau,,SARAPP Montrejeau,,31210,,,31210 Montrejeau,,,,,,05.61.94.59.82,43.085468,0.558922,Montréjeau,0.94,municipality,31390,,Montréjeau,,31210,Montréjeau,"31, Haute-Garonne, Occitanie",31390,,,
RH_fiche_123_,Ref_0123,,,31,=31=,Nailloux,,France Services - CC Terres du Lauragais,Communauté de communes,31560,1 rue de la république,,1 rue de la république 31560 Nailloux,,,collectivité territoriale,,,06 60 94 95 34,43.356585,1.623418,1 Rue de la République 31560 Nailloux,0.96,housenumber,31396_0340_00001,1,Rue de la République,,31560,Nailloux,"31, Haute-Garonne, Occitanie",31396,,,
RH_fiche_124_,Ref_0124,,,31,=31=,Pibrac,,Maison des Initiatives Sociales et Culturelles,,31820,1 Impasse de la Gare,,1 Impasse de la Gare 31820 Pibrac,,,,Centre social,,,43.621325,1.289239,1 Impasse de la Gare 31820 Pibrac,0.96,housenumber,31417_0141_00001,1,Impasse de la Gare,,31820,Pibrac,"31, Haute-Garonne, Occitanie",31417,,,
RH_fiche_125_,Ref_0125,,,31,=31=,Plaisance du Touch,,centre social Sesame,,31830,1 rue des Tilleuls,,1 rue des Tilleuls 31830 Plaisance du Touch,,,,Centre social,,05 62 13 52 57,43.567961,1.296663,1 Rue des Tilleuls 31830 Plaisance-du-Touch,0.96,housenumber,31424_0195_00001,1,Rue des Tilleuls,,31830,Plaisance-du-Touch,"31, Haute-Garonne, Occitanie",31424,,,
RH_fiche_126_,Ref_0126,,,31,=31=,Puydaniel,,Solidarité Numérique CCAS,ASSOCIATION PLANETE SCIENCES OCCITANIE,31190,8 avenue des Pyrénées,,8 avenue des Pyrénées 31190 Puydaniel,,,collectivité territoriale,,,05 61 50 72 44,43.337135,1.429501,8 Avenue des Pyrenees 31190 Puydaniel,0.95,housenumber,31442_0005_00008,8,Avenue des Pyrenees,,31190,Puydaniel,"31, Haute-Garonne, Occitanie",31442,,,
RH_fiche_127_,Ref_0127,,,31,=31=,Ramonville,,"Le PIC : ""Projet Internet et Citoyenneté""",,31520,14 chemin pouciquot,,14 chemin pouciquot 31520 Ramonville,,,Association,,,06 76 08 88 39 ou 06 01 22 32 91,43.551755,1.471748,Chemin Pouciquot 31520 Ramonville-Saint-Agne,0.68,street,31446_0630,,Chemin Pouciquot,,31520,Ramonville-Saint-Agne,"31, Haute-Garonne, Occitanie",31446,,,
RH_fiche_128_,Ref_0128,,,31,=31=,Ramonville,,Le F@bRiquet,,31520,14 rue Hermes,,14 rue Hermes 31520 Ramonville,,,ASSOCIATION,,,05 61 73 10 22,43.550024,1.485155,14 Rue Hermes 31520 Ramonville-Saint-Agne,0.71,housenumber,31446_0306_00014,14,Rue Hermes,,31520,Ramonville-Saint-Agne,"31, Haute-Garonne, Occitanie",31446,,,
RH_fiche_129_,Ref_0129,,,31,=31=,Rieumes,,France Services - CC Cœur de Garonne,Communauté de Communes Cœur de Garonne,31370,2 Place du marché à la volaille,,2 Place du marché à la volaille 31370 Rieumes,,,collectivité territoriale,,,09 67 51 89 96,43.412778,1.119277,2 Place du Marche a la Volaille 31370 Rieumes,0.95,housenumber,31454_0405_00002,2,Place du Marche a la Volaille,,31370,Rieumes,"31, Haute-Garonne, Occitanie",31454,,,
RH_fiche_130_,Ref_0130,,,31,=31=,Toulouse,,Alliances et Cultures MUP,,31000,14 chemin du miral,,14 chemin du miral 31000 Toulouse,,,Association,,,05 61 44 67 63,43.613708,1.445647,14 Rue du Printemps 31000 Toulouse,0.51,housenumber,31555_7140_00014,14,Rue du Printemps,,31000,Toulouse,"31, Haute-Garonne, Occitanie",31555,,,
RH_fiche_131_,Ref_0131,,,31,=31=,Saint Gaudens,,MJC / cyber-base du Saint-Gaudinois,,31800,1 place du maréchal juin,,1 place du maréchal juin 31800 Saint Gaudens,,,Association,,,05 61 94 66 45,43.109176,0.726436,1 Place du Marechal Juin 31800 Saint-Gaudens,0.96,housenumber,31483_0998_00001,1,Place du Marechal Juin,,31800,Saint-Gaudens,"31, Haute-Garonne, Occitanie",31483,,,
RH_fiche_132_,Ref_0132,,,31,=31=,Saint Gaudens,,Club de prévention Saint Gaudens,Conseil Départemental,31800,5 rue de la République,,5 rue de la République 31800 Saint Gaudens,,,collectivité territoriale,club de prévention,,05 61 95 10 66,43.107605,0.721335,5 Rue de la République 31800 Saint-Gaudens,0.97,housenumber,31483_1380_00005,5,Rue de la République,,31800,Saint-Gaudens,"31, Haute-Garonne, Occitanie",31483,,,
RH_fiche_133_,Ref_0133,,,31,=31=,Saint Gaudens,,TIERS LIEUX EN COMMINGES,MAISON DE L AVENIR COMMINGES PYRENEES,31800,1 place Maréchal Juin,,1 place Maréchal Juin 31800 Saint Gaudens,,,ASSOCIATION,,,05.61.94.66.45,43.109176,0.726436,1 Place du Marechal Juin 31800 Saint-Gaudens,0.89,housenumber,31483_0998_00001,1,Place du Marechal Juin,,31800,Saint-Gaudens,"31, Haute-Garonne, Occitanie",31483,,,
RH_fiche_134_,Ref_0134,,,31,=31=,Saint Gaudens,,Cyber-base,,31800,1 Place du Marechal Juin,,1 Place du Marechal Juin 31800 Saint Gaudens,,,,,,,43.109176,0.726436,1 Place du Marechal Juin 31800 Saint-Gaudens,0.96,housenumber,31483_0998_00001,1,Place du Marechal Juin,,31800,Saint-Gaudens,"31, Haute-Garonne, Occitanie",31483,,,
RH_fiche_135_,Ref_0135,,,31,=31=,Saint Orens,,CCAS,,31650,Place de la fraternité 2 Rosa Parks,,Place de la fraternité 2 Rosa Parks 31650 Saint Orens,,,collectivité territoriale,,,05 61 39 54 05,43.550527,1.538481,Rue Rosa Parks 31650 Saint-Orens-de-Gameville,0.5,street,31506_1147,,Rue Rosa Parks,,31650,Saint-Orens-de-Gameville,"31, Haute-Garonne, Occitanie",31506,,,
RH_fiche_136_,Ref_0136,,,31,=31=,Saint Orens de Gameville,,Espace Pour Tous,,31650,2 Rue des Muriers,,2 Rue des Muriers 31650 Saint Orens de Gameville,,,collectivité territoriale,Centre social,,05 61 39 54 03,43.550233,1.538071,2 Rue des Mûriers 31650 Saint-Orens-de-Gameville,0.96,housenumber,31506_0890_00002,2,Rue des Mûriers,,31650,Saint-Orens-de-Gameville,"31, Haute-Garonne, Occitanie",31506,,,
RH_fiche_137_,Ref_0137,,,31,=31=,Saint-Jean,,Mairie,COMMUNE DE ST JEAN,31240,33 ter route d'Albi,,33 ter route d'Albi 31240 Saint-Jean,,,collectivité territoriale,,,05 32 09 68 37,43.664951,1.50452,33ter Route d’Albi 31240 Saint-Jean,0.89,housenumber,31488_b25y8n_00033_ter,33ter,Route d’Albi,,31240,Saint-Jean,"31, Haute-Garonne, Occitanie",31488,,,
RH_fiche_138_,Ref_0138,,,31,=31=,Saint-Jean,,MJC Les Granges / Saint Jean,,31240,33 route d'Albi,ter,33 route d'Albi 31240 Saint-Jean,,,,,,05 32 09 67 50,43.664503,1.50383,33 Route d’Albi 31240 Saint-Jean,0.96,housenumber,31488_b25y8n_00033,33,Route d’Albi,,31240,Saint-Jean,"31, Haute-Garonne, Occitanie",31488,,,
RH_fiche_139_,Ref_0139,,,31,=31=,Saint-Jean,,Centre Social Les Granges / Saint Jean,,31240,33 route d'Albi,ter,33 route d'Albi 31240 Saint-Jean,,,,Centre social,,05 32 09 68 37,43.664503,1.50383,33 Route d’Albi 31240 Saint-Jean,0.96,housenumber,31488_b25y8n_00033,33,Route d’Albi,,31240,Saint-Jean,"31, Haute-Garonne, Occitanie",31488,,,
RH_fiche_140_,Ref_0140,,,31,=31=,Saint-Jean,,CREATEC - LES GRANGES,ASSOCIATION MJC SAINT JEAN,31240,33 terue route d'Albi,,33 terue route d'Albi 31240 Saint-Jean,,,ASSOCIATION,,,,43.664503,1.50383,33 Route d’Albi 31240 Saint-Jean,0.82,housenumber,31488_b25y8n_00033,33,Route d’Albi,,31240,Saint-Jean,"31, Haute-Garonne, Occitanie",31488,,,
RH_fiche_141_,Ref_0141,,,31,=31=,Saint-Lys,,MJC-Centre social,,31470,1 Rue des Glycines,,1 Rue des Glycines 31470 Saint-Lys,,,,Centre social,,05 34 48 56 91,43.511462,1.17435,1 Rue des Glycines 31470 Saint-Lys,0.96,housenumber,31499_0138_00001,1,Rue des Glycines,,31470,Saint-Lys,"31, Haute-Garonne, Occitanie",31499,,,
RH_fiche_142_,Ref_0142,,,31,=31=,Toulouse,,Médiathèque Grand M,,31000,37 avenue de la Reynerie,,37 avenue de la Reynerie 31000 Toulouse,,,collectivité territoriale,Bibliothèque,,05 81 91 79 40,43.567207,1.400819,37 Avenue de Reynerie 31100 Toulouse,0.85,housenumber,31555_7454_00037,37,Avenue de Reynerie,,31100,Toulouse,"31, Haute-Garonne, Occitanie",31555,,,
RH_fiche_143_,Ref_0143,,,31,=31=,Toulouse,,Combustible numérique,,31200,Atelier TA – 32 rue des Jumeaux,,Atelier TA – 32 rue des Jumeaux 31200 Toulouse,,,Association,Intervention itinérante  possible auprès de structures ou collectivités,,06 52 06 14 15,43.615491,1.45039,Rue des Jumeaux 31200 Toulouse,0.68,street,31555_4844,,Rue des Jumeaux,,31200,Toulouse,"31, Haute-Garonne, Occitanie",31555,,,
RH_fiche_144_,Ref_0144,,,31,=31=,Toulouse,,Trajectoire vers l'emploi,,31000,18 rue des couteliers,,18 rue des couteliers 31000 Toulouse,,,Association,Association,,05 34 41 15 99,43.598479,1.44181,18 Rue des Couteliers 31000 Toulouse,0.98,housenumber,31555_2372_00018,18,Rue des Couteliers,,31000,Toulouse,"31, Haute-Garonne, Occitanie",31555,,,
RH_fiche_145_,Ref_0145,,,31,=31=,Toulouse,,Lieu Ressource Formation,,31100,11 Place André Abbal,,11 Place André Abbal 31100 Toulouse,,,Association,Organisme de formation,,05 62 48 53 20,43.571324,1.40088,11 Place André Abbal 31100 Toulouse,0.98,housenumber,31555_0287_00011,11,Place André Abbal,,31100,Toulouse,"31, Haute-Garonne, Occitanie",31555,,,
RH_fiche_146_,Ref_0146,,,31,=31=,Toulouse,,CSF – Section Mirail,,31000,14 cheminement le Tintoret,,14 cheminement le Tintoret 31000 Toulouse,,,Association,Association,,,43.561405,1.398273,14 Cheminement le Tintoret 31100 Toulouse,0.93,housenumber,31555_8435_00014,14,Cheminement le Tintoret,,31100,Toulouse,"31, Haute-Garonne, Occitanie",31555,,,
RH_fiche_147_,Ref_0147,,,31,=31=,Toulouse,,ADPAM,,31000,,,31000 Toulouse,,,Association,,,,43.603746,1.434497,Toulouse,0.72,municipality,31555,,Toulouse,,31500,Toulouse,"31, Haute-Garonne, Occitanie",31555,,,
RH_fiche_148_,Ref_0148,,,31,=31=,Toulouse,,Mieux Vivre Ensemble à la Gloire,,31000,2 rue du général Baurot,,2 rue du général Baurot 31000 Toulouse,,,Association,,,,43.607658,1.470667,2 Rue du Général Baurot 31500 Toulouse,0.88,housenumber,31555_3809_00002,2,Rue du Général Baurot,,31500,Toulouse,"31, Haute-Garonne, Occitanie",31555,,,
RH_fiche_149_,Ref_0149,,,31,=31=,Toulouse,,Mission Locale Bagatelle,Mission locale Toulouse,31100,35 rue du Lot,,35 rue du Lot 31100 Toulouse,,,,,,05 61 41 35 28,43.580211,1.411514,35 Rue du Lot 31100 Toulouse,0.98,housenumber,31555_5340_00035,35,Rue du Lot,,31100,Toulouse,"31, Haute-Garonne, Occitanie",31555,,,
RH_fiche_150_,Ref_0150,,,31,=31=,Toulouse,,ASTREE,,31000,,,31000 Toulouse,,,Association,,,,43.603746,1.434497,Toulouse,0.72,municipality,31555,,Toulouse,,31500,Toulouse,"31, Haute-Garonne, Occitanie",31555,,,
RH_fiche_151_,Ref_0151,,,31,=31=,Toulouse,,La case de santé,,31000,17 place Arnaud Bernard,,17 place Arnaud Bernard 31000 Toulouse,,,Association,,,05 61 23 62 35,43.610785,1.439371,17 Place Arnaud Bernard 31000 Toulouse,0.98,housenumber,31555_0520_00017,17,Place Arnaud Bernard,,31000,Toulouse,"31, Haute-Garonne, Occitanie",31555,,,
RH_fiche_152_,Ref_0152,,,31,=31=,Toulouse,,Café social,,31000,38 rue Roquelaine,,38 rue Roquelaine 31000 Toulouse,,,Association,,,06 18 57 02 52,43.6114,1.44663,38 Rue Roquelaine 31000 Toulouse,0.98,housenumber,31555_7604_00038,38,Rue Roquelaine,,31000,Toulouse,"31, Haute-Garonne, Occitanie",31555,,,
RH_fiche_153_,Ref_0153,,,31,=31=,Toulouse,,Mairie de quartier de Serveyrolles – Soupetard,,31000,,,31000 Toulouse,,,collectivité territoriale,Mairie de quartier,,,43.603746,1.434497,Toulouse,0.72,municipality,31555,,Toulouse,,31500,Toulouse,"31, Haute-Garonne, Occitanie",31555,,,
RH_fiche_154_,Ref_0154,,,31,=31=,Toulouse,,Maison de la citoyenneté Centre,,31000,5 rue Paul Mériel,,5 rue Paul Mériel 31000 Toulouse,,,collectivité territoriale,Maison de la citoyenneté,,,43.603967,1.448082,5 Rue Paul Mériel 31000 Toulouse,0.97,housenumber,31555_6632_00005,5,Rue Paul Mériel,,31000,Toulouse,"31, Haute-Garonne, Occitanie",31555,,,
RH_fiche_155_,Ref_0155,,,31,=31=,Toulouse,,CCAS,,31000,2 bis rue de belfort,,2 bis rue de belfort 31000 Toulouse,,,collectivité territoriale,,,05 61 58 85 85,43.608668,1.452002,2bis Rue de Belfort 31000 Toulouse,0.9,housenumber,31555_1000_00002_bis,2bis,Rue de Belfort,,31000,Toulouse,"31, Haute-Garonne, Occitanie",31555,,,
RH_fiche_156_,Ref_0156,,,31,=31=,Toulouse,,Centre d'Animation Soupetard,Toulouse Metropôle,31500,63 Chemin de Hérédia,,63 Chemin de Hérédia 31500 Toulouse,,,,,,05 31 22 99 70,43.614242,1.474656,63 Chemin de Heredia 31500 Toulouse,0.98,housenumber,31555_4216_00063,63,Chemin de Heredia,,31500,Toulouse,"31, Haute-Garonne, Occitanie",31555,,,
RH_fiche_157_,Ref_0157,,,31,=31=,Toulouse,,MediPass,,31000,Le Clos Cezanne 40 chemin Amouroux,,Le Clos Cezanne 40 chemin Amouroux 31000 Toulouse,,,Association,,,06 10 45 05 29,43.62939,1.46575,40 Chemin Amouroux 31500 Toulouse,0.61,housenumber,31555_0260_00040,40,Chemin Amouroux,,31500,Toulouse,"31, Haute-Garonne, Occitanie",31555,,,
RH_fiche_158_,Ref_0158,,,31,=31=,Toulouse,,Olympe SAVIF,,31000,3 Place Guy Hersant,Maison des associations,3 Place Guy Hersant 31000 Toulouse,,,Association,,,05 61 25 16 13,43.577458,1.444038,3 Place Guy Hersant 31400 Toulouse,0.87,housenumber,31555_4074_00003,3,Place Guy Hersant,,31400,Toulouse,"31, Haute-Garonne, Occitanie",31555,,,
RH_fiche_159_,Ref_0159,,,31,=31=,Toulouse,,CPAM Bagatelle,CPAM,31100,33 rue du Lot,,33 rue du Lot 31100 Toulouse,,,,Antenne CPAM,,3646 (numéro payant),43.580461,1.410717,33 Rue du Lot 31100 Toulouse,0.98,housenumber,31555_5340_00033,33,Rue du Lot,,31100,Toulouse,"31, Haute-Garonne, Occitanie",31555,,,
RH_fiche_160_,Ref_0160,,,31,=31=,Toulouse,,Partage Faourette,,31100,13 rue de l'ukraine,,13 rue de l'ukraine 31100 Toulouse,,,,Centre social,,05 34 60 13 16,43.579038,1.414906,13 Rue de l’Ukraine 31100 Toulouse,0.97,housenumber,31555_8658_00013,13,Rue de l’Ukraine,,31100,Toulouse,"31, Haute-Garonne, Occitanie",31555,,,
RH_fiche_161_,Ref_0161,,,31,=31=,Toulouse,,Pôle Emploi La Cepiere,Pôle Emploi,31100,4 Chemin du Pigeonnierue de Cepière,,4 Chemin du Pigeonnierue de Cepière 31100 Toulouse,,,,Agence Pôle Emploi,,39 49 (numéro payant),43.586132,1.400742,4 Chemin du Pigeonnier de la Cépière 31100 Toulouse,0.85,housenumber,31555_6926_00004,4,Chemin du Pigeonnier de la Cépière,,31100,Toulouse,"31, Haute-Garonne, Occitanie",31555,,,
RH_fiche_162_,Ref_0162,,,31,=31=,Toulouse,,"Pôle Emploi
Bellefontaine",Pôle Emploi,31100,63 allées de Bellefontaine,,63 allées de Bellefontaine 31100 Toulouse,,,,Agence Pôle Emploi,,39 49 (numéro payant),43.565759,1.399923,63 Allée de Bellefontaine 31100 Toulouse,0.91,housenumber,31555_1009_00063,63,Allée de Bellefontaine,,31100,Toulouse,"31, Haute-Garonne, Occitanie",31555,,,
RH_fiche_163_,Ref_0163,,,31,=31=,Toulouse,,APSEM,,31100,3 rue Erik SATIE BP 35711,31057 Toulouse cedex 1,3 rue Erik SATIE BP 35711 31100 Toulouse,,,Association,,,05 34 60 39 40,43.568096,1.404642,3 Rue Erik Satie 31100 Toulouse,0.76,housenumber,31555_3034_00003,3,Rue Erik Satie,,31100,Toulouse,"31, Haute-Garonne, Occitanie",31555,,,
RH_fiche_164_,Ref_0164,,,31,=31=,Toulouse,,Bell'Arc en Ciel,,31100,14 passage G Duhamel,Apt 299,14 passage G Duhamel 31100 Toulouse,,,Association,,,09 66 82 55 84,43.563623,1.394212,14 Passage Georges Duhamel 31100 Toulouse,0.8,housenumber,31555_3849_00014,14,Passage Georges Duhamel,,31100,Toulouse,"31, Haute-Garonne, Occitanie",31555,,,
RH_fiche_165_,Ref_0165,,,31,=31=,Toulouse,,Maison des Solidarites,Conseil Départemental,31100,9 rue du Doyen Lefebvre,,9 rue du Doyen Lefebvre 31100 Toulouse,,,collectivité territoriale,,,05 62 87 41 50 ,43.566876,1.396803,9 Rue du Doyen Lefebvre 31100 Toulouse,0.97,housenumber,31555_2766_00009,9,Rue du Doyen Lefebvre,,31100,Toulouse,"31, Haute-Garonne, Occitanie",31555,,,
RH_fiche_166_,Ref_0166,,,31,=31=,Toulouse,,Regie de quartier Bellefontaine Services,,31100,41 rue Rimont,,41 rue Rimont 31100 Toulouse,,,Association,,,09 53 17 88 71,43.562362,1.403889,Rue de Rimont 31100 Toulouse,0.8,street,31555_7480,,Rue de Rimont,,31100,Toulouse,"31, Haute-Garonne, Occitanie",31555,,,
RH_fiche_167_,Ref_0167,,,31,=31=,Toulouse,,Conciergerie solidaire Desbals services,,31100,135 rue henri desbals,,135 rue henri desbals 31100 Toulouse,,,Association,,,05 62 14 12 55,43.581193,1.413177,135 Rue Henri Desbals 31100 Toulouse,0.99,housenumber,31555_4140_00135,135,Rue Henri Desbals,,31100,Toulouse,"31, Haute-Garonne, Occitanie",31555,,,
RH_fiche_168_,Ref_0168,,,31,=31=,Toulouse,,Les imaginations fertiles,,31100,2 rue Raymond Lizop,,2 rue Raymond Lizop 31100 Toulouse,,,Association,,,05 61 40 92 16,43.567259,1.39852,2 Rue Raymond Lizop 31100 Toulouse,0.97,housenumber,31555_7314_00002,2,Rue Raymond Lizop,,31100,Toulouse,"31, Haute-Garonne, Occitanie",31555,,,
RH_fiche_169_,Ref_0169,,,31,=31=,Toulouse,,"Regie de quartier
Reynerie Services",,31100,12 place Abbal,,12 place Abbal 31100 Toulouse,,,Association,,,05 61 44 26 03,43.571325,1.40107,12 Place André Abbal 31100 Toulouse,0.82,housenumber,31555_0287_00012,12,Place André Abbal,,31100,Toulouse,"31, Haute-Garonne, Occitanie",31555,,,
RH_fiche_170_,Ref_0170,,,31,=31=,Toulouse,,Alliances et Cultures MUP,,31100,14 chemin du Mirail,,14 chemin du Mirail 31100 Toulouse,,,Association,,,05 61 44 67 63,43.58124,1.400011,14 Chemin du Mirail 31100 Toulouse,0.97,housenumber,31555_5976_00014,14,Chemin du Mirail,,31100,Toulouse,"31, Haute-Garonne, Occitanie",31555,,,
RH_fiche_171_,Ref_0171,,,31,=31=,Toulouse,,Mission Locale Mirail,Mission locale Toulouse,31100,4 allée André Maginot,,4 allée André Maginot 31100 Toulouse,,,Association,,,05 61 41 77 33,43.571597,1.402813,4 Allée André Maginot 31100 Toulouse,0.97,housenumber,31555_0337_00004,4,Allée André Maginot,,31100,Toulouse,"31, Haute-Garonne, Occitanie",31555,,,
RH_fiche_172_,Ref_0172,,,31,=31=,Toulouse,,Maison de l'initiative,,31100,,,31100 Toulouse,,,Association,,,05 34 63 81 10,43.603746,1.434497,Toulouse,0.72,municipality,31555,,Toulouse,,31500,Toulouse,"31, Haute-Garonne, Occitanie",31555,,,
RH_fiche_173_,Ref_0173,,,31,=31=,Toulouse,,N pays Okhan,,31100,,,31100 Toulouse,,,Association,,,,43.603746,1.434497,Toulouse,0.72,municipality,31555,,Toulouse,,31500,Toulouse,"31, Haute-Garonne, Occitanie",31555,,,
RH_fiche_174_,Ref_0174,,,31,=31=,Toulouse,,Parle avec elles,,31100,2 rue Jean Gilles,,2 rue Jean Gilles 31100 Toulouse,,,Association,,,06 29 17 61 04,43.572437,1.401823,2 Rue Jean Gilles 31100 Toulouse,0.98,housenumber,31555_4582_00002,2,Rue Jean Gilles,,31100,Toulouse,"31, Haute-Garonne, Occitanie",31555,,,
RH_fiche_175_,Ref_0175,,,31,=31=,Toulouse,,L'Ecole et Nous,,31100,10 cheminement Le Tintoret,,10 cheminement Le Tintoret 31100 Toulouse,,,Association,,,05 61 40 49 68 / 06 14 23 25 88,43.561224,1.398586,10 Cheminement le Tintoret 31100 Toulouse,0.98,housenumber,31555_8435_00010,10,Cheminement le Tintoret,,31100,Toulouse,"31, Haute-Garonne, Occitanie",31555,,,
RH_fiche_176_,Ref_0176,,,31,=31=,Toulouse,,Bas d'immeubles,,31100,3 chemin Vincent d'Indy,,3 chemin Vincent d'Indy 31100 Toulouse,,,Association,,,05.62.14.19.70 / 09 72 83 40 47,43.570219,1.406308,3 Cheminement Vincent d’Indy 31100 Toulouse,0.83,housenumber,31555_8897_00003,3,Cheminement Vincent d’Indy,,31100,Toulouse,"31, Haute-Garonne, Occitanie",31555,,,
RH_fiche_177_,Ref_0177,,,31,=31=,Toulouse,,Voir et comprendre,,31100,18 avenue Winston Churchill,,18 avenue Winston Churchill 31100 Toulouse,,,Association,,,05 62 14 18 19,43.571984,1.401461,18 Avenue Winston Churchill 31100 Toulouse,0.98,housenumber,31555_8962_00018,18,Avenue Winston Churchill,,31100,Toulouse,"31, Haute-Garonne, Occitanie",31555,,,
RH_fiche_178_,Ref_0178,,,31,=31=,Toulouse,,Centre social municipal Bellefontaine Lafourguette,,31100,3 impasse Foulquier,,3 impasse Foulquier 31100 Toulouse,,,,Centre social,,,43.565354,1.40215,3 Impasse François Foulquier 31100 Toulouse,0.78,housenumber,31555_3506_00003,3,Impasse François Foulquier,,31100,Toulouse,"31, Haute-Garonne, Occitanie",31555,,,
RH_fiche_179_,Ref_0179,,,31,=31=,Toulouse,,Centre social alliances & Cultures Mirail rive droite,,31100,2 cheminement andré messager,,2 cheminement andré messager 31100 Toulouse,,,,Centre social,,05 61 44 67 63,43.572473,1.405883,Cheminement André Messager 31100 Toulouse,0.93,street,31555_0318,,Cheminement André Messager,,31100,Toulouse,"31, Haute-Garonne, Occitanie",31555,,,
RH_fiche_180_,Ref_0180,,,31,=31=,Toulouse,,"Centre social
CAF Reynerie",,31100,15 place Abbal,,15 place Abbal 31100 Toulouse,,,,Centre social,Service public,05 34 60 83 92,43.571282,1.402395,15 Place André Abbal 31100 Toulouse,0.82,housenumber,31555_0287_00015,15,Place André Abbal,,31100,Toulouse,"31, Haute-Garonne, Occitanie",31555,,,
RH_fiche_181_,Ref_0181,,,31,=31=,Toulouse,,Espaces Seniors Connectes,,31100,14 place Abbal,,14 place Abbal 31100 Toulouse,,,Collectivité territoriale,,,,43.571328,1.401353,14 Place André Abbal 31100 Toulouse,0.82,housenumber,31555_0287_00014,14,Place André Abbal,,31100,Toulouse,"31, Haute-Garonne, Occitanie",31555,,,
RH_fiche_182_,Ref_0182,,,31,=31=,Toulouse,,point information jeunesse (PIJ) Mirail,,31100,6 chemin Edgarue Varese,,6 chemin Edgarue Varese 31100 Toulouse,,,Association,,,05 61 72 45 37,43.573614,1.40405,6 Cheminement Edgard Varèse 31100 Toulouse,0.73,housenumber,31555_2874_00006,6,Cheminement Edgard Varèse,,31100,Toulouse,"31, Haute-Garonne, Occitanie",31555,,,
RH_fiche_183_,Ref_0183,,,31,=31=,Toulouse,,PIJ,,31100,,,31100 Toulouse,,,,,,,43.603746,1.434497,Toulouse,0.72,municipality,31555,,Toulouse,,31500,Toulouse,"31, Haute-Garonne, Occitanie",31555,,,
RH_fiche_184_,Ref_0184,,,31,=31=,Toulouse,,MCEF,,31100,57 allées de Bellefontaine,,57 allées de Bellefontaine 31100 Toulouse,,,,,,,43.565245,1.400657,57 Allée de Bellefontaine 31100 Toulouse,0.91,housenumber,31555_1009_00057,57,Allée de Bellefontaine,,31100,Toulouse,"31, Haute-Garonne, Occitanie",31555,,,
RH_fiche_185_,Ref_0185,,,31,=31=,Toulouse,,maison des solidarités Borderouge,Conseil départemental,31200,4 rue françoise d'eaubonne,Bat A,4 rue françoise d'eaubonne 31200 Toulouse,,,collectivité territoriale,,,05 34 36 17 00,43.642506,1.453359,4 Rue Françoise d’Eaubonne 31200 Toulouse,0.97,housenumber,31555_3549_00004,4,Rue Françoise d’Eaubonne,,31200,Toulouse,"31, Haute-Garonne, Occitanie",31555,,,
RH_fiche_186_,Ref_0186,,,31,=31=,Toulouse,,LA FABRIQUE SOLIDAIRE DES MINIMES (FA SOL MI),,31200,29 bis avenue des Mazades,local des Mazades,29 bis avenue des Mazades 31200 Toulouse,,,Association,,,05 61 25 38 28,43.623129,1.441383,29bis Avenue des Mazades 31200 Toulouse,0.91,housenumber,31555_5848_00029_bis,29bis,Avenue des Mazades,,31200,Toulouse,"31, Haute-Garonne, Occitanie",31555,,,
RH_fiche_187_,Ref_0187,,,31,=31=,Toulouse,,Pole Emploi Borderouge,Pole Emploi,31200,6 rue françoise d'eaubonne,Bat C,6 rue françoise d'eaubonne 31200 Toulouse,,,,Agence Pôle Emploi,,,43.643232,1.453016,6 Rue Françoise d’Eaubonne 31200 Toulouse,0.97,housenumber,31555_3549_00006,6,Rue Françoise d’Eaubonne,,31200,Toulouse,"31, Haute-Garonne, Occitanie",31555,,,
RH_fiche_188_,Ref_0188,,,31,=31=,Toulouse,,Parole expression,,31200,19 rue Marc Arcis,,19 rue Marc Arcis 31200 Toulouse,,,Association,,,05 82 95 67 80,43.623632,1.43616,19 Rue Marc Arcis 31200 Toulouse,0.98,housenumber,31555_5588_00019,19,Rue Marc Arcis,,31200,Toulouse,"31, Haute-Garonne, Occitanie",31555,,,
RH_fiche_189_,Ref_0189,,,31,=31=,Toulouse,,maison des solidarités Minimes,Conseil départemental,31200,33 rue joseph jacquard,,33 rue joseph jacquard 31200 Toulouse,,,collectivité territoriale,,,05 62 72 77 80,43.623466,1.427715,33 Rue Joseph Jacquard 31200 Toulouse,0.98,housenumber,31555_4756_00033,33,Rue Joseph Jacquard,,31200,Toulouse,"31, Haute-Garonne, Occitanie",31555,,,
RH_fiche_190_,Ref_0190,,,31,=31=,Toulouse,,Secours populaire,Secours populaire,31200,147 avenue des etats unis,,147 avenue des etats unis 31200 Toulouse,,,Association,,,05 34 40 34 40,43.63554,1.43059,147 Avenue des Etats Unis 31200 Toulouse,0.99,housenumber,31555_3104_00147,147,Avenue des Etats Unis,,31200,Toulouse,"31, Haute-Garonne, Occitanie",31555,,,
RH_fiche_191_,Ref_0191,,,31,=31=,Toulouse,,Secours catholique,Secours catholique,31200,place du marche aux cochons,,place du marche aux cochons 31200 Toulouse,,,Association,,,05 34 25 67 40,43.620412,1.435066,Place du Marché aux Cochons 31200 Toulouse,0.97,street,31555_5632,,Place du Marché aux Cochons,,31200,Toulouse,"31, Haute-Garonne, Occitanie",31555,,,
RH_fiche_192_,Ref_0192,,,31,=31=,Toulouse,,point information jeunesse (PIJ) Quartier Nord,,31200,118 Boulevard Pierre et Marie Curie,,118 Boulevard Pierre et Marie Curie 31200 Toulouse,,,Association,,,05 62 72 23 78,43.626305,1.43686,118 Boulevard Pierre et Marie Curie 31200 Toulouse,0.99,housenumber,31555_6880_00118,118,Boulevard Pierre et Marie Curie,,31200,Toulouse,"31, Haute-Garonne, Occitanie",31555,,,
RH_fiche_193_,Ref_0193,,,31,=31=,Toulouse,,Entr'act solidarite,,31200,148 avenue de fronton,,148 avenue de fronton 31200 Toulouse,,,Association,,,05 61 55 59 26,43.637631,1.433421,148 Avenue de Fronton 31200 Toulouse,0.99,housenumber,31555_3620_00148,148,Avenue de Fronton,,31200,Toulouse,"31, Haute-Garonne, Occitanie",31555,,,
RH_fiche_194_,Ref_0194,,,31,=31=,Toulouse,,Mission Locale Antenne quartier nord,,31200,1 rue ernest renan,,1 rue ernest renan 31200 Toulouse,,,Association,,,05 61 57 59 92,43.632985,1.443884,Rue Ernest Renan 31200 Toulouse,0.92,street,31555_3044,,Rue Ernest Renan,,31200,Toulouse,"31, Haute-Garonne, Occitanie",31555,,,
RH_fiche_195_,Ref_0195,,,31,=31=,Toulouse,,Centre social Alliances & Cultures Cap Nord,,31200,12 rue Clouet,,12 rue Clouet 31200 Toulouse,,,,Centre social,,05 61 13 35 96,43.631471,1.43278,12 Rue Marcel Clouet 31200 Toulouse,0.79,housenumber,31555_5604_00012,12,Rue Marcel Clouet,,31200,Toulouse,"31, Haute-Garonne, Occitanie",31555,,,
RH_fiche_196_,Ref_0196,,,31,=31=,Toulouse,,CCPS et CARMI,,31200,44 chemin des izards,,44 chemin des izards 31200 Toulouse,,,,Centre social,,05 62 72 48 50,43.639736,1.4445,44 Chemin des Izards 31200 Toulouse,0.98,housenumber,31555_4380_00044,44,Chemin des Izards,,31200,Toulouse,"31, Haute-Garonne, Occitanie",31555,,,
RH_fiche_197_,Ref_0197,,,31,=31=,Toulouse,,Alliances et Cultures Les Troênes,,31200,69 rue des Troênes,,69 rue des Troênes 31200 Toulouse,,,,Centre social,,05 61 57 14 71,43.617705,1.414786,69 Rue des Troènes 31200 Toulouse,0.98,housenumber,31555_8588_00069,69,Rue des Troènes,,31200,Toulouse,"31, Haute-Garonne, Occitanie",31555,,,
RH_fiche_198_,Ref_0198,,,31,=31=,Toulouse,,Antenne CCPS Picarel,,31200,26 allées Django Reinhard,,26 allées Django Reinhard 31200 Toulouse,,,,Centre social,,05 61 70 45 62,43.647936,1.411325,Allée Django Reinhardt 31200 Toulouse,0.78,street,31555_2671,,Allée Django Reinhardt,,31200,Toulouse,"31, Haute-Garonne, Occitanie",31555,,,
RH_fiche_199_,Ref_0199,,,31,=31=,Toulouse,,Antenne CCPS Les Chênes,,31200,49 rue des mésanges,,49 rue des mésanges 31200 Toulouse,,,,Centre social,,05 62 75 46 29,43.660754,1.411986,49 Rue des Mésanges 31200 Toulouse,0.98,housenumber,31555_5898_00049,49,Rue des Mésanges,,31200,Toulouse,"31, Haute-Garonne, Occitanie",31555,,,
RH_fiche_200_,Ref_0200,,,31,=31=,Toulouse,,Centre social Izards/Borderouge,,31200,1 place Micoulaud,,1 place Micoulaud 31200 Toulouse,,,,Centre social,,05 67 04 14 80,43.638147,1.444005,Place Micoulaud 31100 Toulouse,0.8,locality,31555_5935,,Place Micoulaud,,31100,Toulouse,"31, Haute-Garonne, Occitanie",31555,,,
